True Value,Predicted Value
1410.0436,1244.9552
1412.8059,1245.435
1412.8059,1245.6692
1415.1602,1246.476
1415.1602,1246.7084
1417.471,1247.3895
1417.471,1247.5845
1420.0682,1248.0239
1420.0682,1248.2815
1421.8567,1248.8887
1421.8567,1249.2618
1423.8887,1249.6992
1423.8887,1250.1993
1426.3478,1250.5999
1426.3478,1250.9656
1428.2267,1251.4546
1428.2267,1251.6973
1430.1318,1252.0055
1430.1318,1252.6141
1432.0592,1252.697
1432.0592,1252.9142
1433.3544,1253.171
1433.3544,1253.6687
1435.3713,1254.18
1435.3713,1254.3561
1437.312,1254.9213
1437.312,1255.1035
1438.6277,1255.5177
1438.6277,1255.624
1440.5509,1255.97
1440.5509,1256.4293
1441.8328,1256.7415
1441.8328,1256.9479
1443.0728,1257.275
1443.0728,1257.2319
1444.3333,1257.3307
1444.3333,1257.9138
1445.5194,1258.1353
1445.5194,1258.4172
1446.755,1258.6868
1446.755,1258.5612
1447.2793,1259.1787
1447.2793,1259.387
1448.4902,1259.2998
1448.4902,1259.7245
1449.576,1259.8344
1449.576,1260.0529
1450.7571,1260.0984
1450.7571,1260.5361
1451.9288,1260.3245
1451.9288,1260.6992
1453.2487,1260.8679
1453.2487,1260.9281
1454.4122,1261.2876
1454.4122,1261.3383
1454.4122,1261.7284
1455.7513,1261.5553
1457.683,1262.0938
1457.683,1262.1737
1459.284,1262.0593
1459.284,1262.6672
1460.683,1262.8784
1460.683,1263.075
1462.3665,1263.4585
1462.3665,1263.4104
1464.1016,1263.5142
1464.1016,1263.8141
1464.1016,1264.446
1465.6305,1264.2823
1466.9022,1264.6401
1466.9022,1264.9321
1467.9929,1264.8512
1467.9929,1265.3959
1469.3846,1265.3125
1469.3846,1265.526
1469.3846,1265.6846
1470.6365,1265.8917
1471.3379,1266.041
1471.3379,1266.1477
1471.3379,1266.2632
1472.2892,1266.6898
1473.1288,1266.7255
1473.1288,1266.7726
1473.1288,1267.0815
1473.4991,1267.4348
1473.4991,1267.5472
1473.7316,1267.5308
1473.7316,1267.8213
1473.3729,1268.2802
1473.3729,1267.9241
1472.976,1268.1129
1472.976,1268.1501
1472.5339,1268.2596
1472.5339,1268.1934
1471.0697,1268.144
1471.0697,1268.5198
1468.6974,1268.0685
1468.6974,1268.1399
1466.7292,1267.9774
1466.7292,1268.1119
1462.5068,1267.8494
1462.5068,1267.7358
1459.1104,1267.6168
1459.1104,1267.6141
1453.8428,1266.812
1453.8428,1266.762
1446.3297,1266.2491
1446.3297,1266.338
1439.7516,1265.117
1439.7516,1265.292
1430.6755,1263.9679
1430.6755,1263.5765
1423.1326,1262.2881
1423.1326,1262.1912
1413.0605,1260.1624
1413.0605,1260.1613
1405.7711,1258.4417
1405.7711,1258.2987
1397.7806,1256.163
1397.7806,1255.8672
1390.8605,1254.1586
1390.8605,1253.6765
1386.2979,1252.0923
1386.2979,1251.4823
1383.7693,1249.908
1383.7693,1249.1107
1380.5902,1247.9154
1380.5902,1247.1522
1379.494,1246.0059
1379.494,1245.7609
1379.0709,1244.5315
1379.0709,1244.028
1379.1475,1243.3262
1379.1475,1242.9061
1379.6249,1242.3086
1379.6249,1241.7659
1380.0522,1241.3408
1380.0522,1241.225
1381.1904,1240.8606
1381.1904,1240.6924
1382.9796,1240.3223
1382.9796,1240.0815
1383.5814,1239.9766
1383.5814,1239.7529
1385.1726,1240.1688
1385.1726,1239.9067
1386.4381,1239.909
1386.4381,1239.8009
1387.6637,1239.921
1387.6637,1240.042
1388.6682,1240.3523
1388.6682,1240.0804
1389.2584,1240.2286
1389.2584,1240.5555
1390.2561,1240.7982
1390.2561,1240.6661
1391.254,1241.1538
1391.254,1241.1626
1391.6871,1241.2118
1391.6871,1241.2803
1392.1278,1241.995
1392.1278,1241.6104
1393.032,1241.9924
1393.032,1242.118
1392.9178,1242.0233
1392.9178,1242.0831
1393.8691,1242.5859
1393.8691,1242.7413
1394.2633,1242.4703
1394.2633,1242.7812
1395.2047,1243.0785
1395.2047,1243.0934
1396.221,1242.9874
1396.221,1243.2292
1397.3204,1243.472
1397.3204,1243.6022
1399.1492,1243.4111
1399.1492,1243.8384
1401.8197,1244.3933
1401.8197,1244.088
1404.7014,1244.5205
1404.7014,1244.4868
1408.6146,1244.8783
1408.6146,1245.076
1412.8829,1245.4728
1412.8829,1245.6349
1417.0184,1246.4963
1417.0184,1246.6797
1422.194,1247.5056
1422.194,1247.603
1427.7017,1248.4379
1427.7017,1248.5383
1432.0118,1249.7657
1432.0118,1249.8832
1436.074,1250.909
1436.074,1251.0725
1439.8712,1252.1354
1439.8712,1252.5503
1441.6389,1253.3894
1441.6389,1253.8168
1444.0599,1254.8022
1444.0599,1254.9766
1445.4462,1255.8232
1445.4462,1255.9253
1445.9486,1256.6003
1445.9486,1256.9817
1446.5006,1257.462
1446.5006,1257.6205
1446.2241,1258.0568
1446.2241,1258.5061
1446.0525,1258.601
1446.0525,1259.2625
1445.1597,1259.229
1445.1597,1259.4072
1444.3894,1259.49
1444.3894,1259.7811
1443.6112,1259.928
1443.6112,1259.8428
1442.351,1259.9639
1442.351,1259.7903
1441.1057,1259.7415
1441.1057,1259.7788
1439.9172,1259.8063
1439.9172,1259.7987
1438.7714,1259.8263
1438.7714,1259.6515
1437.0515,1259.2368
1437.0515,1259.2518
1435.9547,1259.0283
1435.9547,1259.1992
1434.2649,1258.8448
1434.2649,1258.7335
1433.1436,1258.5334
1433.1436,1258.2493
1431.9362,1258.3121
1431.9362,1258.1302
1430.8138,1257.6292
1430.8138,1257.6521
1429.5801,1257.574
1429.5801,1257.0542
1428.8917,1257.0322
1428.8917,1256.7977
1428.0502,1256.6135
1428.0502,1256.5922
1427.3256,1256.2092
1427.3256,1256.1333
1427.0153,1255.982
1427.0153,1256.1774
1426.6897,1255.6097
1426.6897,1255.3566
1426.1703,1255.1278
1426.1703,1255.241
1426.4475,1255.1957
1426.4475,1254.9917
1425.881,1254.7183
1425.881,1254.6764
1425.9683,1254.8468
1425.9683,1254.6515
1426.8044,1254.7317
1426.8044,1254.6
1426.734,1254.7372
1426.734,1254.673
1426.8834,1254.5854
1426.8834,1254.6779
1426.8094,1254.3308
1426.8094,1254.5497
1426.985,1254.4061
1426.985,1254.4531
1426.9084,1254.4419
1426.9084,1254.5536
1425.6807,1254.5735
1425.6807,1254.6927
1425.4485,1254.3477
1425.4485,1254.2817
1425.1606,1254.5171
1425.1606,1254.3778
1424.7944,1254.0605
1424.7944,1254.3894
1424.3127,1254.0695
1424.3127,1254.0956
1423.6511,1254.1409
1423.6511,1254.302
1422.6857,1253.9382
1422.6857,1253.7878
1421.1459,1253.8566
1421.1459,1254.0482
1418.3091,1253.7667
1418.3091,1253.8436
1411.4225,1253.4619
1411.4225,1253.3021
1386.0115,1252.8007
1386.0115,1252.6143
1320.722,1251.7825
1320.722,1251.5712
1284.5651,1247.5393
1284.5651,1247.0175
1274.689,1236.408
1274.689,1234.9384
1271.5359,1227.3313
1271.5359,1225.3704
1269.4869,1221.54
1269.4869,1219.3834
1271.7252,1216.5903
1271.7252,1214.6594
1270.2004,1212.388
1270.2004,1210.8063
1269.5765,1210.3903
1269.5765,1209.0321
1271.8254,1207.6917
1271.8254,1206.3162
1271.8254,1204.794
1271.8254,1203.9199
1274.5709,1203.9329
1274.5709,1202.3662
1274.5709,1201.8192
1274.5709,1200.4111
1274.5709,1200.1927
1274.5709,1198.7267
1278.2561,1198.4783
1278.2561,1197.3208
1279.3824,1196.7601
1279.3824,1196.7449
1280.6504,1196.8943
1280.6504,1196.7079
1283.7263,1196.884
1283.7263,1197.3896
1287.7948,1197.4414
1287.7948,1197.913
1296.9414,1198.799
1296.9414,1198.7919
1306.4166,1199.3412
1306.4166,1200.138
1325.3295,1201.4601
1325.3295,1201.8225
1373.9445,1204.3938
1373.9445,1204.7284
1398.2806,1208.8087
1398.2806,1209.6469
1418.3091,1218.8274
1418.3091,1220.2202
1425.6749,1225.5673
1425.6749,1226.6553
1431.4374,1231.6023
1431.4374,1233.3136
1433.2822,1235.9186
1433.2822,1237.8566
1436.0885,1240.208
1436.0885,1241.715
1438.2928,1243.2407
1438.2928,1244.3973
1439.8171,1245.7837
1439.8171,1247.0951
1442.1345,1248.4734
1442.1345,1249.2972
1443.9641,1250.3698
1443.9641,1251.7295
1445.3424,1252.8171
1445.3424,1253.665
1446.5488,1254.8861
1446.5488,1255.7499
1447.5621,1256.7974
1447.5621,1257.1948
1448.4247,1258.0577
1448.4247,1258.7682
1449.1676,1259.302
1449.1676,1259.4205
1449.814,1259.9398
1449.814,1260.0421
1449.9275,1260.0007
1449.9275,1260.4401
1449.9188,1260.7876
1449.9188,1260.8134
1450.0166,1260.7601
1450.0166,1261.0011
1449.5098,1260.9241
1449.5098,1260.9453
1449.1395,1261.4435
1449.1395,1261.3088
1448.8801,1261.1765
1448.8801,1261.2711
1448.556,1261.3048
1448.556,1261.3239
1447.963,1261.2068
1447.963,1261.5023
1447.3248,1261.0212
1447.3248,1261.1029
1446.3522,1261.2744
1446.3522,1261.1375
1445.4093,1261.1549
1445.4093,1261.0315
1444.9489,1260.9635
1444.9489,1261.0066
1443.67,1260.76
1443.67,1260.6377
1442.8193,1260.8296
1442.8193,1260.5455
1441.574,1260.341
1441.574,1260.4132
1440.3505,1260.4445
1440.3505,1260.2319
1439.1267,1260.0946
1439.1267,1259.7871
1437.4965,1259.6866
1437.4965,1259.8055
1435.8358,1259.4271
1435.8358,1259.3088
1434.6104,1258.944
1434.6104,1258.7506
1432.4551,1258.3584
1432.4551,1258.2631
1431.1515,1258.0913
1431.1515,1257.9015
1429.3333,1257.7163
1429.3333,1257.7388
1427.4734,1257.259
1427.4734,1256.9899
1425.4486,1256.5546
1425.4486,1256.6044
1423.3501,1256.4207
1423.3501,1256.09
1421.6056,1255.9388
1421.6056,1255.4526
1419.3662,1254.8398
1419.3662,1255.0303
1417.2795,1254.8215
1417.2795,1254.1984
1415.0833,1253.6469
1415.0833,1253.7249
1412.9545,1253.3824
1412.9545,1253.0955
1410.9539,1252.5449
1410.9539,1252.4471
1408.519,1252.151
1408.519,1251.6602
1406.715,1251.561
1406.715,1251.0538
1404.4075,1250.7083
1404.4075,1250.5487
1402.3744,1250.0553
1402.3744,1249.9897
1400.6007,1249.3264
1400.6007,1248.9661
1399.1748,1248.5673
1399.1748,1248.4623
1397.102,1247.9883
1397.102,1247.7383
1395.875,1247.502
1395.875,1247.0795
1394.5881,1246.7767
1394.5881,1246.5526
1394.3921,1245.9514
1394.3921,1245.4744
1394.179,1245.6543
1394.179,1245.4749
1393.9463,1245.2367
1393.9463,1245.1045
1395.0635,1244.7334
1395.0635,1244.8722
1396.2883,1244.435
1396.2883,1244.6527
1398.3965,1244.5233
1398.3965,1244.6554
1400.6903,1244.5197
1400.6903,1244.7928
1404.7603,1244.5321
1404.7603,1244.9333
1408.3787,1244.928
1408.3787,1245.1866
1411.9154,1245.7555
1411.9154,1245.7942
1416.5367,1246.6051
1416.5367,1246.9172
1420.1818,1247.2478
1420.1818,1247.4696
1425.2423,1248.5923
1425.2423,1248.6642
1429.0077,1249.3822
1429.0077,1249.6014
1432.5394,1250.3496
1432.5394,1250.78
1435.8342,1251.681
1435.8342,1252.048
1438.8956,1252.6909
1438.8956,1253.1604
1440.7858,1253.8682
1440.7858,1254.1681
1443.3395,1254.9098
1443.3395,1255.194
1444.8105,1255.973
1444.8105,1256.039
1446.136,1256.5925
1446.136,1257.0553
1447.2269,1257.3672
1447.2269,1257.9901
1447.6143,1258.1335
1447.6143,1258.453
1447.759,1259.1879
1447.759,1259.1078
1447.3704,1259.4067
1447.3704,1259.3611
1447.0187,1259.6267
1447.0187,1259.7518
1446.699,1260.0947
1446.699,1260.4244
1446.3378,1260.0903
1446.3378,1260.1433
1445.5667,1260.5106
1445.5667,1260.4196
1444.8555,1260.3019
1444.8555,1260.265
1444.2383,1260.4454
1444.2383,1260.4183
1443.1912,1260.255
1443.1912,1260.2305
1442.1996,1260.1785
1442.1996,1260.1145
1440.8268,1260.0664
1440.8268,1260.1257
1439.938,1259.854
1439.938,1259.7478
1439.0648,1259.582
1439.0648,1259.4088
1437.775,1259.1893
1437.775,1259.2438
1436.911,1259.0308
1436.911,1259.1343
1436.0825,1258.8922
1436.0825,1258.7246
1434.7576,1258.3784
1434.7576,1258.593
1433.8999,1258.2462
1433.8999,1258.1432
1432.9843,1257.9298
1432.9843,1257.6864
1431.9851,1257.4657
1431.9851,1257.3561
1431.0354,1257.3896
1431.0354,1257.2974
1430.427,1257.0453
1430.427,1256.8721
1429.3477,1256.8816
1429.3477,1256.4814
1428.5835,1256.3799
1428.5835,1256.301
1427.8954,1256.2163
1427.8954,1255.9946
1427.0566,1255.945
1427.0566,1255.5626
1426.6622,1255.6603
1426.6622,1255.6776
1426.098,1255.4519
1426.098,1255.194
1425.6432,1255.084
1425.6432,1255.198
1424.9895,1254.7657
1424.9895,1254.8942
1424.8484,1254.6083
1424.8484,1254.7343
1424.2864,1254.5642
1424.2864,1254.5823
1424.7219,1254.5215
1424.7219,1253.9962
1424.7538,1254.2632
1424.7538,1254.1461
1425.4769,1254.2382
1425.4769,1254.075
1426.2734,1254.1671
1426.2734,1253.9515
1427.3551,1254.2295
1427.3551,1253.9333
1428.519,1254.14
1428.519,1254.2955
1429.774,1254.3141
1429.774,1254.1731
1432.1313,1254.7408
1432.1313,1254.4098
1433.7288,1254.7867
1433.7288,1254.7904
1435.4764,1255.1184
1435.4764,1255.4805
1438.113,1255.6068
1438.113,1255.754
1439.8759,1256.1019
1439.8759,1256.2494
1441.6102,1256.5734
1441.6102,1256.8241
1443.282,1257.1129
1443.282,1256.9442
1444.0599,1257.3119
1444.0599,1257.673
1443.9924,1258.0946
1443.9924,1258.1544
1443.864,1258.3326
1443.864,1258.407
1443.8029,1258.5315
1443.8029,1258.9291
1442.9747,1258.8512
1442.9747,1258.9862
1441.412,1259.0444
1441.412,1259.2612
1440.6428,1258.9354
1440.6428,1259.1223
1439.1594,1259.1339
1439.1594,1258.9589
1436.9962,1259.0516
1436.9962,1259.1816
1435.6146,1258.9304
1435.6146,1259.0679
1434.2772,1258.5906
1434.2772,1258.5892
1432.9835,1258.3545
1432.9835,1258.3755
1431.7327,1257.9037
1431.7327,1257.6621
1431.1827,1257.626
1431.1827,1257.3022
1431.1827,1257.5767
1430.6494,1257.2201
1430.6494,1256.7843
1430.6494,1256.7509
1430.772,1256.6898
1430.772,1256.6864
1430.772,1256.5916
1430.772,1256.5002
1430.772,1256.5254
1430.772,1256.2454
1431.4144,1256.2538
1431.4144,1256.5739
1432.1624,1256.1769
1432.1624,1256.1737
1433.4412,1256.1115
1433.4412,1256.0377
1434.7266,1256.3718
1434.7266,1256.4722
1436.0173,1256.3209
1436.0173,1256.7311
1436.0173,1256.5292
1437.312,1256.5073
1439.259,1256.7678
1439.259,1256.9236
1441.2238,1256.9589
1441.2238,1257.055
1443.1956,1257.4213
1443.1956,1257.73
1445.229,1257.9462
1445.229,1257.8347
1447.405,1258.2057
1447.405,1258.4568
1449.5482,1259.0239
1449.5482,1259.2616
1451.2032,1259.3228
1451.2032,1259.5596
1453.6345,1260.0519
1453.6345,1260.0758
1456.1619,1260.25
1456.1619,1260.7799
1456.1619,1260.8383
1458.0751,1261.4204
1460.7797,1261.9077
1460.7797,1261.6809
1463.2103,1262.2832
1463.2103,1262.5513
1465.4038,1263.0844
1465.4038,1263.3114
1465.4038,1263.8386
1467.3877,1264.0709
1467.3877,1264.3699
1469.0437,1264.3301
1469.0437,1264.9037
1471.2994,1265.1068
1471.2994,1265.3295
1471.8378,1265.8552
1471.8378,1265.923
1472.9658,1266.3387
1473.5566,1266.4817
1473.5566,1266.49
1473.5566,1266.7549
1473.3729,1267.2106
1473.3729,1267.3633
1472.5646,1267.6495
1472.5646,1267.6956
1472.348,1267.6284
1472.348,1267.6804
1470.9032,1268.0098
1470.9032,1267.8914
1469.182,1267.8586
1469.182,1268.1111
1467.7523,1268.0123
1467.7523,1267.9928
1465.4623,1267.6354
1465.4623,1267.6298
1462.744,1267.6423
1462.744,1267.242
1459.6265,1267.31
1459.6265,1267.204
1457.4397,1266.6241
1457.4397,1266.537
1455.0035,1266.3159
1455.0035,1265.8942
1452.7007,1265.6907
1452.7007,1265.6061
1450.3433,1265.0474
1450.3433,1264.9746
1447.4993,1264.598
1447.4993,1264.4597
1445.535,1263.9604
1445.535,1263.6808
1443.7435,1263.1554
1443.7435,1263.0457
1442.0752,1262.3574
1442.0752,1262.2632
1440.5975,1261.8191
1440.5975,1261.6571
1439.9061,1261.1707
1439.9061,1260.8788
1439.2687,1260.4019
1439.2687,1260.3616
1438.6791,1260.3759
1438.6791,1260.2234
1438.7268,1259.6581
1438.7268,1259.6644
1439.3375,1259.3903
1439.3375,1259.1096
1439.3452,1259.1097
1439.3452,1259.1797
1439.9202,1258.8901
1439.9202,1258.972
1441.043,1258.8749
1441.043,1258.9142
1441.5856,1258.8887
1441.5856,1258.8069
1442.6934,1259.1918
1442.6934,1258.9598
1443.8423,1259.0615
1443.8423,1259.1841
1444.9578,1258.963
1444.9578,1259.2343
1446.1385,1259.4127
1446.1385,1259.2906
1447.3414,1259.6388
1447.3414,1259.5406
1448.5659,1259.9504
1448.5659,1260.0948
1449.9275,1260.4916
1449.9275,1260.317
1451.3441,1260.589
1451.3441,1260.6776
1452.6625,1260.8866
1452.6625,1260.8733
1454.1726,1261.2052
1454.1726,1261.1864
1455.3296,1261.609
1455.3296,1261.6018
1456.9747,1261.9288
1456.9747,1262.3373
1458.0553,1262.2351
1458.0553,1262.4668
1460.0885,1262.6539
1460.0885,1262.8251
1461.2991,1262.9839
1461.2991,1262.8947
1462.8856,1263.455
1462.8856,1263.4869
1464.2323,1263.9812
1464.2323,1264.0782
1464.9554,1264.1567
1464.9554,1264.5101
1466.4191,1264.8188
1466.4191,1264.925
1467.2438,1265.0936
1467.2438,1265.1099
1467.6742,1265.7728
1467.6742,1265.6943
1468.1173,1266.1117
1468.1173,1266.0663
1467.3877,1266.2418
1467.3877,1265.9478
1467.3877,1266.483
1467.3877,1266.5625
1466.6483,1266.4493
1466.6483,1266.4796
1465.899,1266.442
1465.899,1266.5719
1464.3721,1266.3451
1464.3721,1266.3733
1463.2037,1266.4937
1463.2037,1266.3748
1461.641,1266.3857
1461.641,1266.2931
1459.7075,1266.0138
1459.7075,1266.0522
1457.7976,1265.8436
1457.7976,1265.9634
1455.111,1265.7877
1455.111,1265.4945
1453.0427,1265.2859
1453.0427,1265.2264
1450.4646,1264.5779
1450.4646,1264.6345
1447.8032,1264.1273
1447.8032,1263.9435
1445.3602,1263.4612
1445.3602,1263.6147
1443.7435,1262.8055
1443.7435,1262.7529
1442.2048,1262.1644
1442.2048,1262.0785
1440.6526,1261.8898
1440.6526,1261.64
1439.1335,1261.3418
1439.1335,1261.2495
1438.349,1260.4624
1438.349,1260.3651
1437.5784,1260.2035
1437.5784,1259.9854
1437.5399,1259.6656
1437.5399,1259.5654
1437.5004,1259.1766
1437.5004,1259.218
1437.4171,1258.7747
1437.4171,1258.7627
1437.3281,1258.8541
1437.3281,1258.5734
1438.113,1258.6796
1438.113,1258.386
1438.957,1258.5862
1438.957,1258.5109
1439.8665,1258.369
1439.8665,1258.28
1440.8486,1258.2653
1440.8486,1258.0829
1442.9392,1258.327
1442.9392,1258.2355
1445.3176,1258.589
1445.3176,1258.3159
1447.8292,1258.4362
1447.8292,1258.8604
1451.9956,1259.0378
1451.9956,1259.1548
1455.4464,1259.7738
1455.4464,1259.8983
1459.9053,1260.3792
1459.9053,1260.7026
1463.1271,1261.0942
1463.1271,1261.5369
1466.8644,1262.243
1466.8644,1262.4337
1471.2114,1262.9728
1471.2114,1263.0264
1474.706,1263.9219
1474.706,1264.062
1477.4386,1264.858
1477.4386,1264.9991
1480.5594,1265.8934
1480.5594,1266.0869
1482.3867,1266.6301
1482.3867,1266.7288
1484.3644,1267.6554
1484.3644,1267.7294
1484.6267,1268.4592
1484.6267,1268.666
1482.7869,1268.7947
1482.7869,1269.3612
1480.4844,1269.7084
1480.4844,1270.1265
1475.3615,1269.8545
1475.3615,1270.0021
1466.2764,1269.8638
1466.2764,1269.9237
1459.2778,1269.6715
1459.2778,1269.3352
1450.7542,1268.4524
1450.7542,1268.4196
1439.5028,1267.4404
1439.5028,1267.3578
1433.4125,1266.078
1433.4125,1265.6904
1426.1554,1263.921
1426.1554,1263.5183
1422.8792,1262.0553
1422.8792,1261.6587
1421.078,1259.8993
1421.078,1259.7249
1419.7186,1258.659
1419.7186,1258.1172
1420.1503,1257.5714
1420.1503,1257.1896
1419.1426,1256.3201
1419.1426,1256.1371
1420.0701,1255.7085
1420.0701,1255.3009
1420.3649,1254.89
1420.3649,1254.831
1421.037,1254.2819
1421.037,1254.0775
1422.5499,1253.8464
1422.5499,1253.8126
1423.8452,1253.4497
1423.8452,1253.21
1424.7001,1253.4443
1424.7001,1253.1001
1425.7112,1253.0835
1425.7112,1253.3684
1427.3551,1253.2682
1427.3551,1253.298
1429.3817,1253.2847
1429.3817,1253.6487
1430.5455,1253.8895
1430.5455,1253.9873
1432.2996,1254.2595
1432.2996,1254.6658
1433.9243,1254.5177
1433.9243,1254.4708
1435.3713,1255.4299
1435.3713,1255.1593
1436.7496,1255.4186
1436.7496,1255.5394
1438.6791,1255.7635
1438.6791,1256.0367
1439.9131,1256.1218
1439.9131,1256.3889
1441.7422,1256.8066
1441.7422,1256.9147
1443.5667,1257.5203
1443.5667,1257.3546
1445.3838,1257.8569
1445.3838,1258.039
1446.6713,1258.4785
1446.6713,1258.419
1448.5962,1258.5305
1448.5962,1259.1696
1450.0638,1259.3729
1450.0638,1259.5117
1452.0696,1259.7451
1452.0696,1260.1069
1453.6526,1260.4775
1453.6526,1260.4772
1455.3008,1260.9017
1455.3008,1260.7844
1457.2477,1261.3094
1457.2477,1261.479
1459.7137,1261.8402
1459.7137,1261.8853
1461.2357,1262.1628
1461.2357,1262.6301
1463.5557,1262.893
1463.5557,1263.0935
1465.3324,1263.6455
1465.3324,1263.4407
1467.2438,1263.8896
1467.2438,1264.2231
1468.5736,1264.6389
1468.5736,1264.9841
1470.0275,1265.1881
1470.0275,1265.348
1470.2961,1265.6093
1470.2961,1265.4816
1471.1545,1266.1395
1471.1545,1266.3331
1470.6384,1266.2744
1470.6384,1266.6061
1470.064,1266.7549
1470.064,1266.7866
1468.7883,1267.1327
1468.7883,1267.2709
1466.377,1267.1426
1466.377,1267.2622
1463.7214,1267.0989
1463.7214,1267.1986
1460.7964,1266.8395
1460.7964,1266.8367
1457.5759,1266.698
1457.5759,1266.4009
1452.3104,1266.1335
1452.3104,1266.2534
1448.451,1265.7448
1448.451,1265.3779
1442.6993,1264.5768
1442.6993,1264.5242
1436.9814,1263.8872
1436.9814,1263.4459
1432.9817,1262.7063
1432.9817,1262.479
1427.9769,1261.3433
1427.9769,1261.164
1424.9781,1260.2452
1424.9781,1260.0212
1421.255,1258.8732
1421.255,1258.6378
1419.0083,1257.8746
1419.0083,1257.333
1416.5581,1256.3062
1416.5581,1255.9296
1415.3065,1255.3325
1415.3065,1255.0647
1414.6451,1254.53
1414.6451,1254.0035
1414.0823,1253.5995
1414.0823,1253.3997
1413.2184,1252.9528
1413.2184,1252.6799
1413.4303,1252.3785
1413.4303,1252.106
1413.2783,1251.591
1413.2783,1251.5663
1413.704,1251.5323
1413.704,1251.1492
1414.6471,1251.2559
1414.6471,1251.089
1414.701,1250.7996
1414.701,1250.7018
1415.2789,1251.0358
1415.2789,1250.9094
1416.0854,1250.8136
1416.0854,1250.5035
1416.8815,1250.6992
1416.8815,1250.4961
1417.6667,1250.9106
1417.6667,1250.9076
1418.9702,1250.9679
1418.9702,1251.0085
1420.0398,1251.0006
1420.0398,1251.3489
1421.124,1251.4149
1421.124,1251.4485
1422.5743,1251.3861
1422.5743,1251.749
1424.2749,1251.6938
1424.2749,1251.7405
1425.0675,1252.4734
1425.0675,1252.1898
1426.6897,1252.5323
1426.6897,1252.4241
1427.7556,1253.157
1427.7556,1252.9199
1428.7123,1253.2832
1428.7123,1253.3344
1430.3943,1253.5475
1430.3943,1253.7346
1432.1909,1253.8276
1432.1909,1254.2089
1433.3925,1254.418
1433.3925,1254.6382
1435.3457,1255.0236
1435.3457,1254.8694
1437.5004,1255.037
1437.5004,1255.3639
1439.0454,1255.7628
1439.0454,1256.1447
1441.6389,1256.4023
1441.6389,1256.6106
1444.6046,1256.6417
1444.6046,1257.0569
1447.8708,1257.7119
1447.8708,1257.9043
1451.7502,1258.3135
1451.7502,1258.3278
1456.2455,1258.9899
1456.2455,1259.2676
1460.9304,1259.9149
1460.9304,1260.0986
1466.0671,1260.8698
1466.0671,1261.1848
1470.8474,1261.6863
1470.8474,1262.2128
1477.6683,1263.2852
1477.6683,1263.5746
1482.6019,1264.3295
1482.6019,1264.5764
1486.3844,1265.7421
1486.3844,1266.5228
1491.05,1267.2827
1491.05,1267.7852
1494.3953,1268.2977
1494.3953,1268.8389
1497.3875,1269.921
1497.3875,1270.0284
1499.8208,1270.7577
1499.8208,1271.2393
1501.5924,1271.836
1501.5924,1272.1237
1502.8068,1272.766
1502.8068,1273.1757
1504.0481,1273.4974
1504.0481,1273.9843
1506.6108,1274.0287
1506.6108,1274.4506
1507.4563,1275.0454
1507.4563,1275.1543
1508.3541,1275.7675
1508.3541,1275.8334
1509.3093,1276.2742
1509.3093,1276.6248
1509.8485,1276.8275
1509.8485,1277.1274
1508.8219,1277.3656
1508.8219,1277.3754
1507.081,1277.7705
1507.081,1277.822
1505.7623,1277.6796
1505.7623,1277.7665
1501.6147,1277.6322
1501.6147,1277.6697
1496.8844,1277.6744
1496.8844,1277.4884
1492.7603,1277.436
1492.7603,1276.9219
1486.972,1276.5854
1486.972,1276.4258
1478.9465,1275.7705
1478.9465,1275.7642
1472.6599,1275.091
1472.6599,1274.667
1466.758,1273.6171
1466.758,1273.4391
1458.7849,1272.5044
1458.7849,1271.9938
1453.6067,1270.8336
1453.6067,1270.4783
1449.2562,1269.2819
1449.2562,1268.7032
1445.5892,1267.5245
1445.5892,1267.3555
1443.8114,1266.3074
1443.8114,1265.6594
1441.0609,1264.9138
1441.0609,1264.6461
1438.6588,1264.0063
1438.6588,1263.3926
1437.5986,1262.6704
1437.5986,1262.2052
1436.5573,1261.6986
1436.5573,1261.3502
1435.5634,1260.6158
1435.5634,1260.4087
1433.5747,1260.0256
1433.5747,1259.6332
1432.6932,1259.3186
1432.6932,1259.0614
1431.851,1258.372
1431.851,1258.5089
1431.0458,1257.895
1431.0458,1257.5806
1430.2754,1257.5377
1430.2754,1257.4973
1429.5381,1256.9187
1429.5381,1257.0095
1428.6227,1256.8977
1428.6227,1256.5343
1427.4794,1256.0664
1427.4794,1256.2787
1426.5599,1255.871
1426.5599,1255.8638
1425.3726,1255.8065
1425.3726,1255.7585
1425.0869,1255.3732
1425.0869,1255.2054
1423.8368,1255.0145
1423.8368,1254.8906
1423.8368,1254.7678
1423.8368,1254.5756
1423.5111,1254.4729
1423.5111,1254.3036
1423.5111,1254.2979
1423.5111,1254.3038
1424.4819,1253.9518
1424.4819,1253.8627
1425.462,1253.8823
1425.462,1253.7056
1426.4508,1253.8712
1426.4508,1254.1647
1427.7017,1254.1115
1427.7017,1254.01
1428.9126,1254.2424
1428.9126,1253.9719
1430.2754,1254.4583
1430.2754,1254.394
1431.5454,1254.6361
1431.5454,1254.4785
1432.7305,1255.0731
1432.7305,1255.0024
1432.983,1255.2471
1432.983,1255.2903
1434.1439,1255.4749
1434.1439,1255.6921
1434.3318,1255.3671
1434.3318,1255.6401
1433.8401,1255.8503
1433.8401,1255.9875
1434.11,1256.2797
1434.11,1256.1624
1433.5798,1256.3135
1433.5798,1256.4094
1433.0801,1256.1564
1433.0801,1256.3534
1432.6083,1256.293
1432.6083,1256.4147
1432.8008,1256.3829
1432.8008,1256.291
1432.263,1256.4603
1432.263,1256.1013
1431.6344,1256.4929
1431.6344,1256.4188
1431.0078,1256.5769
1431.0078,1256.2057
1430.8914,1256.2656
1430.8914,1256.2301
1430.1318,1256.21
1430.1318,1255.971
1430.001,1256.1025
1430.001,1256.3253
1429.2128,1255.9772
1429.2128,1255.8695
1428.9163,1255.8395
1428.9163,1256.0488
1428.603,1256.0167
1428.603,1255.692
1428.0994,1255.7119
1428.0994,1255.6754
1427.7383,1255.5096
1427.7383,1255.5559
1427.9263,1255.076
1427.9263,1255.1661
1428.1339,1255.1418
1428.1339,1255.1727
1429.2286,1255.1147
1429.2286,1254.9539
1429.7314,1255.3087
1429.7314,1254.996
1431.0458,1255.3494
1431.0458,1255.2299
1432.5394,1255.4056
1432.5394,1255.1758
1434.2493,1255.4093
1434.2493,1255.5576
1436.222,1255.7312
1436.222,1255.7455
1438.5176,1255.9103
1438.5176,1256.156
1438.5176,1256.4594
1439.8014,1256.3698
1441.3263,1256.9113
1441.3263,1257.1099
1443.2773,1257.0563
1443.2773,1257.7528
1443.2773,1257.5087
1443.67,1257.732
1443.67,1258.0343
1443.9886,1258.1041
1443.9886,1258.5486
1442.1228,1258.4487
1442.1228,1258.7262
1439.6134,1258.9236
1439.6134,1258.8885
1436.4786,1258.9012
1436.4786,1259.0355
1432.4792,1258.5018
1428.2155,1258.8134
1428.2155,1258.244
1428.2155,1258.2589
1419.6945,1257.6315
1419.6945,1256.8207
1414.2518,1256.7872
1414.2518,1256.6864
1407.4056,1255.2388
1407.4056,1255.1421
1404.3243,1253.8425
1404.3243,1253.7308
1401.2743,1252.5686
1401.2743,1252.2509
1401.1147,1251.411
1401.1147,1251.1152
1400.9788,1249.9662
1400.9788,1250.1018
1398.9327,1249.7688
1398.9327,1249.5103
1400.6688,1248.9135
1400.6688,1248.6014
1402.1025,1248.2795
1402.1025,1247.9563
1403.3053,1247.7396
1403.3053,1247.5735
1405.4764,1247.7216
1405.4764,1247.3181
1407.5884,1247.3154
1407.5884,1247.2328
1410.3538,1247.7745
1410.3538,1247.4563
1412.7184,1247.6311
1412.7184,1247.7075
1416.5186,1248.0488
1416.5186,1247.972
1419.7258,1248.2955
1419.7258,1248.5642
1423.4791,1249.3044
1423.4791,1249.2952
1426.7233,1249.9463
1426.7233,1250.1218
1428.832,1250.7349
1428.832,1251.3309
1431.2831,1252.1165
1431.2831,1252.0929
1433.4393,1252.321
1433.4393,1253.0333
1435.2733,1253.4564
1435.2733,1253.4602
1436.9514,1254.2212
1436.9514,1254.3136
1438.4904,1254.788
1438.4904,1254.9468
1440.5891,1255.6615
1440.5891,1255.4968
1441.907,1255.9004
1441.907,1256.2268
1443.8007,1256.7893
1443.8007,1257.1649
1445.6619,1257.5554
1445.6619,1257.6013
1448.0853,1258.0072
1448.0853,1258.0015
1450.5503,1258.4741
1450.5503,1258.8059
1452.9766,1259.5013
1452.9766,1259.689
1455.3563,1259.9963
1455.3563,1260.5349
1458.4768,1260.5626
1458.4768,1260.8741
1461.0016,1261.2191
1461.0016,1261.7056
1464.8982,1262.1951
1464.8982,1262.5939
1467.3716,1262.984
1467.3716,1263.1006
1471.1796,1263.9537
1471.1796,1263.9832
1474.4161,1264.5713
1474.4161,1264.996
1477.5927,1265.3257
1477.5927,1265.6963
1480.6919,1266.4059
1480.6919,1266.5437
1484.1576,1267.1399
1484.1576,1267.2787
1486.6914,1268.0978
1486.6914,1268.2273
1488.7936,1269.0536
1488.7936,1269.1984
1490.8662,1269.7024
1490.8662,1269.9742
1492.397,1270.4237
1492.397,1270.6538
1493.5594,1271.0707
1493.5594,1271.1321
1494.702,1271.7251
1494.702,1272.1027
1495.8241,1272.352
1495.8241,1272.7001
1496.4143,1273.0142
1496.4143,1273.1838
1496.7026,1273.285
1496.7026,1273.3866
1497.2115,1273.9412
1497.2115,1274.0885
1496.9867,1273.7882
1496.9867,1273.983
1496.9867,1274.3774
1496.9867,1274.3678
1496.4858,1274.4562
1496.4858,1274.5837
1495.9907,1274.5802
1495.9907,1274.6995
1495.5013,1274.7415
1495.5013,1274.6447
1495.0176,1274.6915
1495.0176,1274.5558
1493.7717,1274.5728
1493.7717,1274.6008
1492.8407,1274.6855
1492.8407,1274.4441
1491.9319,1274.3737
1491.9319,1274.5724
1491.0452,1274.2363
1491.0452,1274.2765
1489.4459,1274.1837
1489.4459,1274.1409
1488.2018,1274.243
1488.2018,1274.0758
1486.6876,1273.4084
1486.6876,1273.71
1485.2137,1273.3353
1485.2137,1273.2626
1483.7804,1273.108
1483.7804,1273.0642
1482.0573,1272.897
1482.0573,1272.7657
1480.3674,1272.5298
1480.3674,1272.347
1478.3694,1272.1573
1478.3694,1272.2183
1476.7478,1271.707
1476.7478,1271.4885
1475.1001,1271.5697
1475.1001,1271.1738
1473.1814,1270.7894
1473.1814,1270.648
1470.9336,1270.4551
1470.9336,1270.51
1468.9553,1270.0903
1468.9553,1270.0764
1466.98,1269.4501
1466.98,1269.3463
1465.012,1268.9161
1465.012,1268.8303
1462.6643,1268.1134
1462.6643,1268.1367
1460.7214,1267.7983
1460.7214,1267.6401
1458.9589,1267.1661
1458.9589,1267.0691
1457.1912,1266.7041
1457.1912,1266.4465
1455.0111,1266.1354
1455.0111,1265.9995
1453.8899,1265.7908
1453.8899,1265.4081
1452.2018,1264.8353
1452.2018,1264.7673
1451.0182,1264.4978
1451.0182,1264.3805
1449.803,1263.8014
1449.803,1263.8379
1448.6349,1263.5448
1448.6349,1263.256
1447.4144,1263.0426
1447.4144,1262.944
1446.1395,1262.8689
1446.1395,1262.4924
1444.8076,1261.953
1444.8076,1262.0422
1443.9526,1261.9202
1443.9526,1261.6296
1443.042,1261.5387
1443.042,1261.369
1442.0701,1260.7665
1442.0701,1260.8517
1441.0311,1260.4373
1441.0311,1260.4075
1439.9192,1260.3741
1439.9192,1260.0436
1438.7113,1260.0282
1438.7113,1259.7657
1437.4464,1259.4634
1437.4464,1259.3939
1436.7075,1259.2285
1436.7075,1259.0262
1435.3098,1258.7667
1435.3098,1258.5876
1434.5848,1258.5433
1434.5848,1258.4519
1433.0801,1258.3008
1433.0801,1258.0881
1431.7327,1258.2666
1431.7327,1257.5768
1430.9385,1257.472
1430.9385,1257.4387
1430.2616,1257.1803
1430.2616,1257.0544
1429.4419,1256.8483
1429.4419,1256.6138
1428.7618,1256.6182
1428.7618,1256.5804
1428.7618,1256.221
1428.7618,1256.4193
1428.2482,1255.7676
1428.2482,1256.3372
1428.407,1256.0841
1428.407,1255.8121
1428.7123,1255.6635
1428.7123,1255.5543
1428.2267,1255.4531
1428.2267,1255.2827
1428.6678,1255.3701
1428.6678,1255.2582
1428.9442,1255.2849
1428.9442,1255.1252
1428.7612,1255.1061
1428.7612,1255.0128
1429.1439,1255.1918
1429.1439,1255.304
1428.9664,1255.0592
1428.9664,1254.9882
1429.318,1255.1057
1429.318,1255.4023
1429.0332,1255.1267
1429.0332,1255.1873
1429.2563,1255.1829
1429.2563,1255.2966
1428.8739,1255.3135
1428.8739,1255.1282
1428.9846,1255.3046
1428.9846,1255.0485
1428.9846,1255.1865
1428.9846,1255.1194
1428.5001,1255.3901
1428.5001,1254.9674
1428.3848,1255.3829
1428.3848,1255.2836
1428.3848,1255.2722
1428.3848,1255.1615
1428.2671,1255.3043
1428.2671,1254.9338
1428.0244,1254.9727
1428.0244,1255.3312
1428.4078,1255.0514
1428.4078,1255.2012
1428.1602,1255.1842
1428.1602,1255.0973
1428.3052,1254.8153
1428.3052,1255.1372
1429.1439,1254.9033
1429.1439,1254.9076
1429.7896,1254.862
1429.7896,1254.7587
1430.0153,1255.155
1430.0153,1255.0322
1430.6494,1255.1
1430.6494,1255.359
1431.4996,1255.1685
1431.4996,1255.1785
1433.1941,1255.2872
1433.1941,1255.583
1434.3318,1255.2859
1434.3318,1255.9208
1436.4792,1256.0264
1436.4792,1256.1195
1438.0787,1256.1626
1438.0787,1256.0795
1440.8005,1256.5764
1440.8005,1256.7189
1443.8059,1257.0096
1443.8059,1256.9628
1447.8708,1257.6509
1447.8708,1257.5994
1451.263,1257.8955
1451.263,1258.1902
1455.243,1258.874
1455.243,1259.0602
1458.5024,1259.6354
1458.5024,1260.0823
1462.2737,1260.6295
1462.2737,1261.2037
1465.8523,1261.6392
1465.8523,1261.8341
1467.8899,1262.613
1467.8899,1262.8221
1470.5422,1263.4777
1470.5422,1263.8989
1472.7778,1264.163
1472.7778,1264.5197
1474.9065,1264.8636
1474.9065,1265.2878
1476.3641,1265.9031
1476.3641,1265.9982
1477.6494,1266.6654
1477.6494,1266.997
1478.8916,1267.1805
1478.8916,1267.578
1479.4968,1268.1589
1479.4968,1268.0505
1480.6766,1268.5984
1480.6766,1268.826
1480.6766,1269.0243
1480.6766,1269.4207
1481.2512,1269.3048
1481.2512,1269.4823
1481.2512,1269.7607
1481.2512,1269.5781
1481.816,1270.1571
1481.816,1269.959
1481.816,1270.0024
1481.816,1270.3008
1481.816,1270.2811
1481.816,1270.36
1481.816,1270.3943
1481.816,1270.4314
1481.816,1270.4445
1481.816,1270.5917
1481.816,1270.6342
1481.816,1270.7161
1481.816,1270.8468
1481.816,1270.6969
1481.816,1270.8258
1481.816,1270.8973
1481.816,1270.6914
1481.816,1270.7256
1481.816,1271.0928
1481.816,1270.8352
1481.816,1271.1119
1481.816,1271.0177
1481.2512,1270.6409
1481.2512,1271.0077
1481.2512,1271.0338
1481.2512,1270.8634
1481.2512,1270.8193
1481.2512,1270.643
1481.2512,1270.8173
1481.2512,1270.7383
1481.2512,1270.7244
1481.2512,1270.9308
1481.2512,1270.6852
1481.2512,1270.9718
1481.838,1270.7274
1481.838,1270.8376
1481.838,1270.7249
1481.838,1271.1288
1481.838,1271.0253
1481.838,1270.8711
1481.838,1270.9581
1481.838,1270.8617
1481.838,1270.9529
1481.838,1270.7023
1481.838,1271.0719
1481.838,1270.8612
1481.2618,1270.8639
1481.2618,1270.9666
1481.2618,1270.6702
1481.2618,1270.6676
1481.2618,1270.9706
1481.2618,1270.7764
1481.2618,1270.6696
1481.2618,1270.7954
1481.2618,1271.0387
1481.2618,1270.7694
1481.2618,1270.6766
1481.2618,1271.1196
1481.2618,1270.8754
1481.2618,1270.7399
1481.2618,1270.7349
1481.2618,1270.8219
1481.2618,1270.8756
1481.2618,1270.5624
1481.2618,1270.9729
1481.2618,1270.8447
1481.2618,1270.7938
1481.2618,1270.6381
1481.2618,1270.7703
1481.2618,1270.6863
1481.2618,1270.7618
1481.2618,1270.7703
1481.2618,1270.7722
1481.2618,1270.6584
1481.2618,1271.005
1481.2618,1270.6515
1481.2618,1270.7139
1481.2618,1270.9342
1481.2618,1270.8147
1481.2618,1270.9486
1481.2618,1270.9453
1481.2618,1270.7047
1481.2618,1270.9064
1481.2618,1270.7194
1481.2618,1270.9701
1481.2618,1270.8407
1481.2618,1270.8033
1481.2618,1270.7244
1481.2618,1270.7894
1481.2618,1270.8558
1481.2618,1270.684
1481.2618,1270.8868
1481.2618,1270.824
1481.2618,1270.7625
1481.2618,1270.6493
1481.2618,1271.0415
1481.2618,1270.758
1481.2618,1270.8291
1481.2618,1271.2441
1481.2618,1270.8146
1480.6753,1271.0579
1480.6753,1270.92
1480.6753,1270.9283
1480.6753,1270.7998
1480.6753,1270.8427
1480.6753,1270.8945
1480.6753,1270.7601
1480.6753,1270.6779
1480.6753,1271.043
1480.6753,1270.7555
1480.6753,1270.8633
1480.6753,1270.7263
1480.6753,1270.6964
1480.6753,1270.7764
1480.6753,1270.6715
1480.6753,1270.7744
1480.6753,1270.4413
1480.6753,1270.8496
1480.6753,1270.7523
1480.6753,1270.8539
1480.6753,1270.7139
1480.6753,1270.4452
1480.6753,1270.6493
1480.6753,1270.6224
1480.6753,1270.7963
1480.6753,1270.5487
1480.6753,1270.7645
1480.6753,1270.8398
1480.6753,1270.61
1480.6753,1270.4952
1480.6753,1270.587
1480.6753,1270.6337
1480.6753,1270.5929
1480.6753,1270.5544
1480.6753,1270.7292
1480.6753,1270.5171
1480.6753,1270.6093
1480.6753,1270.5701
1480.6753,1270.7426
1480.6753,1270.6761
1480.6753,1270.7363
1480.6753,1270.6746
1480.6753,1270.6455
1480.6753,1270.7834
1480.6753,1270.5441
1480.6753,1270.7465
1480.6753,1270.6204
1480.6753,1270.886
1480.6753,1270.6451
1480.6753,1270.9124
1480.6753,1270.6232
1480.6753,1270.7921
1480.6753,1270.5874
1480.6753,1270.6885
1480.6753,1270.6027
1480.6753,1270.5066
1480.6753,1270.6766
1480.6753,1270.3774
1480.6753,1270.8754
1480.6753,1270.6716
1480.6753,1270.4279
1480.6753,1270.6356
1480.6753,1270.7626
1480.6753,1270.6422
1480.6753,1270.8134
1480.6753,1270.7678
1480.6753,1270.6984
1480.6753,1270.6318
1480.6753,1270.5442
1480.6753,1270.6819
1480.6753,1270.455
1480.6753,1270.5663
1480.6753,1270.6998
1480.6753,1270.795
1480.6753,1270.5535
1480.6753,1270.7164
1480.6753,1270.7009
1480.6753,1270.5645
1480.6753,1270.5259
1480.6753,1270.6488
1480.6753,1270.7169
1480.6753,1270.5284
1480.6753,1270.7716
1480.6753,1270.7137
1480.6753,1270.6812
1480.6753,1270.742
1480.6753,1270.6946
1480.6753,1270.6327
1480.6753,1270.7155
1480.6753,1270.5986
1480.6753,1270.6156
1480.6753,1270.5552
1480.6753,1270.6163
1480.6753,1270.7357
1480.6753,1270.773
1480.6753,1270.8937
1480.6753,1270.6942
1480.6753,1270.6847
1480.6753,1270.6914
1480.6753,1270.6056
1480.6753,1270.8479
1480.6753,1270.8358
1481.2618,1270.6409
1481.2618,1270.5632
1481.2618,1270.7834
1481.2618,1270.4786
1481.2618,1270.7987
1481.2618,1270.917
1481.2618,1270.69
1481.2618,1270.8447
1481.2618,1270.7015
1481.2618,1270.7468
1481.2618,1270.7632
1481.2618,1271.0225
1481.2618,1270.6674
1481.2618,1270.8027
1481.2618,1270.8785
1481.2618,1270.7921
1481.2618,1270.8633
1481.2618,1270.8265
1481.2618,1270.8359
1481.2618,1270.7861
1481.2618,1270.9286
1481.2618,1270.6843
1481.2618,1270.9059
1481.2618,1270.881
1481.2618,1270.656
1481.2618,1271.1208
1481.2618,1270.7739
1481.2618,1270.9583
1481.2618,1270.861
1481.2618,1270.7793
1481.2618,1270.8433
1481.2618,1270.6599
1481.2618,1270.984
1481.2618,1271.0098
1481.2618,1270.918
1481.2618,1270.9697
1481.2618,1270.622
1481.2618,1270.7683
1481.2618,1270.827
1481.2618,1270.9065
1481.2618,1270.9537
1481.2618,1270.8386
1481.2618,1270.846
1481.2618,1270.7959
1481.2618,1270.9021
1481.2618,1270.6702
1481.2618,1270.6418
1481.2618,1270.7528
1481.2618,1270.5704
1481.2618,1270.6056
1481.2618,1270.7744
1481.2618,1270.782
1481.2618,1270.7958
1481.2618,1270.5988
1481.2618,1270.9084
1481.2618,1270.8411
1481.2618,1270.5684
1481.8611,1270.6317
1481.8611,1270.6652
1481.8611,1270.6392
1481.8611,1270.872
1481.8611,1270.9906
1481.8611,1270.8302
1481.8611,1270.7601
1481.8611,1270.9443
1481.8611,1270.7048
1481.8611,1270.8558
1481.8611,1271.0444
1481.8611,1270.9703
1481.8611,1270.9382
1481.8611,1271.1866
1481.8611,1270.8723
1481.8611,1270.9323
1481.8611,1271.0569
1481.8611,1271.067
1481.8611,1271.2261
1481.8611,1270.7925
1481.8611,1270.9038
1481.8611,1271.1052
1481.8611,1270.8322
1481.8611,1271.0525
1481.8611,1271.0576
1481.8611,1271.0961
1481.8611,1271.2616
1481.8611,1271.1018
1481.8611,1271.0294
1481.8611,1270.7777
1481.8611,1270.9872
1481.8611,1271.014
1481.8611,1271.0035
1481.8611,1271.1627
1481.8611,1271.0917
1481.8611,1270.9299
1481.8611,1270.9951
1481.8611,1270.8813
1481.8611,1271.1174
1481.8611,1270.877
1481.8611,1271.1273
1481.8611,1271.2672
1481.8611,1270.7411
1481.8611,1271.1073
1481.8611,1270.9269
1481.8611,1270.8658
1481.8611,1270.8982
1481.8611,1271.072
1481.8611,1270.9713
1481.8611,1270.79
1481.8611,1271.1548
1481.8611,1271.065
1481.8611,1271.0372
1481.8611,1271.0441
1481.8611,1271.1417
1481.8611,1271.0378
1481.8611,1271.0353
1481.8611,1270.9192
1481.8611,1270.823
1481.8611,1270.8801
1481.273,1271.0581
1481.273,1270.8828
1481.273,1270.9204
1481.273,1271.0854
1480.674,1270.9438
1480.674,1270.8015
1480.064,1270.9144
1480.064,1271.0194
1478.8519,1271.0646
1478.8519,1270.8682
1477.582,1270.6627
1477.582,1270.6855
1476.8446,1270.5393
1476.8446,1270.4111
1475.475,1270.3226
1475.475,1270.2236
1473.3296,1270.0728
1473.3296,1270.214
1471.0731,1269.7238
1471.0731,1269.6986
1468.7045,1269.492
1468.7045,1269.1652
1464.9075,1269.0343
1464.9075,1268.8173
1462.744,1268.715
1462.744,1268.6995
1459.0784,1267.9453
1459.0784,1267.6045
1455.243,1267.3185
1455.243,1267.3075
1450.2488,1266.5648
1450.2488,1266.3796
1446.133,1265.6628
1446.133,1265.42
1440.9027,1264.5718
1440.9027,1264.3516
1435.6575,1263.5558
1435.6575,1263.6248
1430.484,1262.308
1430.484,1262.1813
1425.462,1261.0431
1425.462,1260.6853
1420.658,1259.5599
1420.658,1259.2649
1417.0049,1258.1438
1417.0049,1257.9224
1413.5391,1257.0399
1413.5391,1256.3945
1410.2699,1255.9552
1410.2699,1255.1401
1408.4896,1254.2491
1408.4896,1254.0446
1406.2999,1253.1484
1406.2999,1252.4512
1404.7753,1251.8679
1404.7753,1251.8556
1404.0049,1250.795
1404.0049,1250.5576
1403.2786,1250.4773
1403.2786,1249.7015
1403.1969,1249.3666
1403.1969,1249.0015
1402.5271,1248.7207
1402.5271,1248.6252
1402.9708,1248.2955
1402.9708,1247.9257
1403.3881,1247.6919
1403.3881,1247.6477
1403.7811,1247.7631
1403.7811,1247.129
1404.6875,1247.1523
1404.6875,1246.9924
1405.9749,1247.3005
1405.9749,1247.3236
1407.5676,1247.426
1407.5676,1247.3019
1409.1876,1247.1416
1409.1876,1247.2653
1411.053,1247.5586
1411.053,1247.5902
1412.4907,1247.8444
1412.4907,1247.9866
1413.8564,1248.36
1413.8564,1248.3309
1414.891,1248.5205
1414.891,1248.7267
1416.1426,1249.12
1416.1426,1249.1776
1416.6262,1249.5952
1416.6262,1249.5743
1417.3318,1249.7616
1417.3318,1250.032
1418.0288,1250.2357
1418.0288,1250.1791
1418.2477,1250.4727
1418.2477,1250.58
1418.2477,1250.8652
1418.2477,1250.7792
1418.0288,1251.1079
1418.0288,1250.9528
1417.8058,1251.1805
1417.8058,1251.1501
1417.1006,1251.4065
1417.1006,1251.213
1416.8649,1251.3203
1416.8649,1251.2482
1415.8936,1251.5726
1415.8936,1251.3633
1415.1165,1251.7578
1415.1165,1251.1326
1414.2913,1251.4362
1414.2913,1251.098
1413.4135,1251.0519
1413.4135,1250.942
1412.4784,1250.8125
1412.4784,1250.8402
1412.0283,1250.7054
1412.0283,1250.626
1411.542,1250.6125
1411.542,1250.5046
1411.9791,1250.2551
1411.9791,1250.139
1412.0701,1250.1713
1412.0701,1250.3607
1412.3136,1250.3094
1412.3136,1249.902
1412.8289,1250.0825
1412.8289,1250.1387
1413.1018,1250.1431
1413.1018,1249.9152
1414.0823,1250.05
1414.0823,1249.8461
1414.7872,1250.2839
1414.7872,1250.3319
1416.2219,1250.3119
1416.2219,1250.3674
1416.9513,1250.4364
1416.9513,1250.4712
1418.4342,1250.7722
1418.4342,1250.6731
1419.1874,1250.6871
1419.1874,1251.043
1420.267,1251.2307
1420.267,1251.4255
1421.7896,1251.1819
1421.7896,1251.4612
1423.3394,1251.5953
1423.3394,1251.6705
1424.3798,1251.8984
1424.3798,1251.9838
1426.1691,1252.1151
1426.1691,1252.5924
1427.9263,1252.6458
1427.9263,1252.6622
1430.4215,1253.2733
1430.4215,1253.2194
1432.2246,1253.5391
1432.2246,1253.5479
1433.9327,1254.3619
1433.9327,1254.4805
1435.5503,1254.7434
1435.5503,1254.805
1436.3789,1255.0605
1436.3789,1255.2603
1437.8474,1255.6189
1437.8474,1256.1797
1438.5911,1256.4191
1438.5911,1256.397
1438.6277,1256.8638
1438.6277,1256.9259
1438.6625,1256.6705
1438.6625,1256.8842
1438.6791,1257.731
1438.6791,1257.3057
1438.6954,1257.3944
1438.6954,1257.4607
1438.1097,1257.5078
1438.1097,1257.6168
1438.1097,1257.6934
1438.1097,1257.6866
1437.5085,1257.9272
1437.5085,1257.9507
1437.5085,1257.8485
1437.5085,1258.0231
1436.8699,1258.0352
1436.8699,1257.8492
1436.8308,1257.8196
1436.8308,1257.8531
1436.1682,1258.0142
1436.1682,1257.7596
1436.1191,1258.0776
1436.1191,1257.9594
1436.0173,1257.8691
1436.0173,1257.8523
1435.91,1257.5673
1435.91,1257.5753
1435.7966,1257.6976
1435.7966,1257.5238
1435.6146,1257.3752
1435.6146,1257.5565
1435.4841,1257.3118
1435.4841,1257.2931
1436.0403,1257.4569
1436.0403,1257.3423
1435.9128,1257.3967
1435.9128,1257.3181
1436.5388,1257.2994
1436.5388,1257.5837
1437.2812,1257.4547
1437.2812,1257.3733
1438.0432,1257.7703
1438.0432,1257.6438
1438.9167,1257.7946
1438.9167,1257.7924
1438.8505,1257.9143
1438.8505,1257.844
1439.8489,1258.0271
1439.8489,1257.862
1439.8384,1258.0475
1439.8384,1257.7386
1441.035,1257.9392
1441.035,1257.9474
1441.088,1258.2717
1441.088,1258.5095
1441.147,1258.3286
1441.147,1258.4778
1442.6223,1258.5074
1442.6223,1258.6207
1442.6993,1258.8325
1442.6993,1258.7773
1444.2723,1259.1586
1444.2723,1258.8097
1444.4055,1259.1647
1444.4055,1259.3151
1444.5471,1259.5156
1444.5471,1259.5581
1444.5471,1259.5023
1444.5471,1259.5282
1444.6981,1259.6632
1444.6981,1259.7795
1444.6981,1259.3745
1444.6981,1259.7739
1443.059,1259.9095
1443.059,1259.7649
1441.4636,1259.9766
1441.4636,1259.7871
1439.7603,1259.7892
1439.7603,1259.7769
1436.479,1259.6581
1436.479,1259.5568
1434.8417,1259.516
1434.8417,1259.2283
1431.8625,1258.9127
1431.8625,1258.5708
1429.1093,1258.4509
1429.1093,1258.2423
1426.5682,1257.6187
1426.5682,1257.599
1424.6544,1257.1559
1424.6544,1257.0942
1424.205,1256.4437
1424.205,1256.1182
1422.6426,1255.6295
1422.6426,1255.8655
1422.7377,1255.639
1422.7377,1255.3102
1422.8201,1254.9689
1422.8201,1254.8368
1422.8922,1254.6786
1422.8922,1254.163
1422.956,1254.3173
1422.956,1254.1943
1423.0127,1254.2794
1423.0127,1253.8018
1424.1238,1253.9324
1424.1238,1253.59
1424.1168,1253.8256
1424.1168,1253.5957
1424.5969,1253.4635
1424.5969,1253.8978
1425.2664,1253.6846
1425.2664,1253.6627
1425.881,1253.8273
1425.881,1253.7119
1426.2637,1253.6321
1426.2637,1253.7954
1427.0973,1253.9283
1427.0973,1253.9792
1427.9135,1254.0116
1427.9135,1254.0016
1427.9135,1254.146
1427.9135,1254.4581
1428.0721,1254.3336
1428.0721,1254.1956
1428.7123,1254.5054
1428.7123,1254.4983
1428.7123,1254.5975
1428.7123,1254.5438
1429.3553,1254.6427
1429.3553,1254.8281
1429.2128,1254.8186
1429.2128,1254.8298
1429.8668,1254.822
1429.8668,1254.8539
1430.3943,1254.9702
1430.3943,1254.9946
1431.0621,1255.1917
1431.0621,1255.172
1431.6178,1255.2284
1431.6178,1255.1653
1432.079,1255.4723
1432.079,1255.5924
1433.3925,1255.5833
1433.3925,1255.2899
1434.6735,1255.8632
1434.6735,1255.8502
1436.0403,1256.2256
1436.0403,1256.0126
1438.2957,1256.2212
1438.2957,1256.1831
1439.8842,1256.5969
1439.8842,1256.769
1442.4755,1257.0092
1442.4755,1257.1298
1445.2457,1257.4899
1445.2457,1257.5399
1448.1979,1258.06
1448.1979,1258.0149
1451.3329,1258.3568
1451.3329,1258.6667
1454.367,1259.242
1454.367,1259.3328
1457.4397,1260.0964
1457.4397,1259.9995
1460.1486,1260.6339
1460.1486,1261.0503
1463.1917,1261.6893
1463.1917,1262.012
1464.9075,1262.5084
1464.9075,1262.709
1467.3938,1263.3352
1467.3938,1263.3173
1468.4935,1263.5951
1468.4935,1263.9845
1470.0275,1264.5524
1470.0275,1264.9023
1471.0015,1265.1179
1471.0015,1265.4545
1471.2161,1265.6409
1471.2161,1265.9042
1471.4215,1266.2476
1471.4215,1266.5322
1471.6184,1266.6595
1471.6184,1267.045
1471.142,1266.8992
1471.142,1267.0294
1470.6783,1266.9286
1470.6783,1267.3668
1469.7875,1267.3748
1469.7875,1267.4155
1468.7087,1267.6173
1468.7087,1267.7394
1467.2509,1267.347
1467.2509,1267.5509
1465.8516,1267.4772
1465.8516,1267.3821
1463.5399,1267.1683
1463.5399,1267.4155
1462.2822,1267.0251
1462.2822,1266.7504
1460.4508,1266.6841
1460.4508,1266.5217
1458.6815,1266.2262
1458.6815,1266.3397
1456.9747,1266.1088
1456.9747,1265.7728
1455.527,1265.5648
1455.527,1265.2635
1453.4772,1264.977
1453.4772,1265.0674
1451.4469,1264.8083
1451.4469,1264.2792
1449.4412,1264.411
1449.4412,1264.136
1447.4639,1263.8116
1447.4639,1263.7009
1445.5194,1263.2866
1445.5194,1263.0736
1443.6567,1262.4058
1443.6567,1262.5955
1441.1617,1262.1134
1441.1617,1261.7433
1439.2871,1261.501
1439.2871,1261.129
1438.013,1260.7615
1438.013,1260.7471
1437.381,1260.1804
1437.381,1259.9908
1437.3469,1259.5505
1437.3469,1259.2825
1437.3469,1259.3096
1437.3469,1259.1101
1437.312,1259.0293
1437.312,1258.9822
1437.2762,1258.7714
1437.2762,1258.8159
1437.8768,1258.74
1437.8768,1258.5442
1438.5323,1258.4294
1438.5323,1258.3127
1439.9008,1258.3031
1439.9008,1258.4216
1441.3699,1258.1932
1441.3699,1258.4554
1442.9291,1258.1392
1442.9291,1258.7249
1444.656,1258.5266
1444.656,1258.5145
1446.4406,1258.688
1446.4406,1258.9386
1448.4785,1259.0771
1448.4785,1259.3816
1451.5981,1259.6384
1451.5981,1259.6708
1454.367,1260.1227
1454.367,1260.3751
1458.1346,1260.7958
1458.1346,1260.794
1461.2583,1261.3613
1461.2583,1261.5767
1465.2245,1262.2035
1465.2245,1262.4943
1469.0704,1262.9844
1469.0704,1263.2974
1472.2263,1263.9398
1472.2263,1263.9122
1475.726,1264.5792
1475.726,1264.7125
1479.598,1265.6287
1479.598,1266.1238
1481.6987,1266.4967
1481.6987,1266.9136
1482.9025,1267.5657
1482.9025,1267.8445
1485.397,1268.4717
1485.397,1268.6234
1487.0004,1268.9476
1487.0004,1269.0999
1487.2953,1269.8668
1487.2953,1270.0397
1486.341,1270.3561
1486.341,1270.4032
1485.0,1270.762
1485.0,1271.0264
1483.7534,1270.9767
1483.7534,1271.3624
1480.5594,1270.9415
1480.5594,1271.3472
1475.1294,1271.2485
1475.1294,1271.1685
1467.5013,1271.0927
1467.5013,1270.9668
1459.6421,1270.3173
1459.6421,1270.2303
1451.8389,1269.1909
1451.8389,1269.3367
1442.0216,1267.901
1442.0216,1267.7041
1435.4099,1266.3329
1435.4099,1266.0376
1426.1609,1264.5887
1426.1609,1264.1263
1420.4126,1262.6422
1420.4126,1262.374
1416.482,1260.5535
1416.482,1260.026
1412.7184,1258.6163
1412.7184,1257.9562
1410.3162,1256.7699
1410.3162,1256.381
1408.3787,1255.4785
1408.3787,1254.9506
1406.7861,1254.057
1406.7861,1253.6605
1406.7861,1252.8187
1406.2245,1252.6896
1406.2245,1251.999
1406.2999,1251.3279
1406.517,1250.6472
1406.517,1250.386
1406.7107,1250.2089
1406.7107,1249.9602
1407.3394,1249.7327
1407.3394,1249.1138
1407.3394,1249.2318
1407.8943,1249.1915
1407.8943,1248.7653
1408.5449,1248.7883
1408.5449,1248.554
1409.5133,1248.5757
1409.5133,1248.3531
1410.5687,1248.5233
1410.5687,1248.5475
1411.5594,1248.3198
1411.5594,1248.5212
1412.991,1248.4507
1412.991,1248.7924
1414.0708,1248.7577
1414.0708,1249.126
1415.3484,1249.1306
1415.3484,1249.1118
1416.1154,1249.5809
1416.1154,1249.3909
1417.1299,1249.7972
1417.1299,1249.7455
1418.1598,1249.9786
1418.1598,1250.306
1418.6804,1250.4734
1418.6804,1250.6539
1419.7328,1250.9064
1419.7328,1250.6737
1420.0398,1250.9596
1420.0398,1250.9487
1420.6809,1251.2217
1420.6809,1251.3165
1421.5839,1251.5485
1421.5839,1251.3232
1421.7164,1251.7844
1421.7164,1251.8262
1422.0831,1252.1863
1422.0831,1252.2308
1422.8514,1252.3604
1422.8514,1252.2722
1423.0315,1252.1708
1423.0315,1252.6814
1424.0994,1252.7572
1424.0994,1252.8599
1425.881,1252.9055
1425.881,1252.8539
1427.0532,1252.9999
1427.0532,1253.061
1429.1385,1253.7499
1429.1385,1253.8319
1431.2534,1253.6307
1431.2534,1253.8456
1433.3925,1254.2467
1433.3925,1254.4218
1435.6146,1254.4086
1435.6146,1254.7539
1437.7859,1255.2045
1437.7859,1255.6685
1440.5891,1255.9274
1440.5891,1255.9285
1442.6083,1256.4147
1442.6083,1256.8488
1445.0922,1257.0437
1445.0922,1257.3337
1447.4639,1257.5396
1447.4639,1257.9767
1449.576,1258.0178
1449.576,1258.39
1452.2188,1259.1646
1452.2188,1259.1787
1453.986,1259.5792
1453.986,1259.6425
1455.6101,1260.3949
1455.6101,1260.3955
1457.4165,1261.0892
1457.4165,1260.9613
1458.7673,1261.372
1458.7673,1261.6788
1459.8323,1262.0098
1459.8323,1262.4487
1460.9873,1262.9257
1460.9873,1262.7994
1461.4757,1262.901
1461.4757,1263.3577
1462.1063,1263.5902
1462.1063,1263.758
1462.6981,1264.0969
1462.6981,1264.1873
1462.8947,1264.1926
1462.8947,1264.1722
1463.2556,1264.7362
1463.2556,1264.8517
1463.2563,1264.7379
1463.2563,1265.0571
1463.4286,1264.966
1463.4286,1265.2773
1463.5977,1265.3075
1463.5977,1265.3115
1463.4265,1265.407
1463.4265,1265.4213
1463.4265,1265.5078
1463.4265,1265.5171
1463.4265,1265.7003
1463.4265,1265.5907
1463.5977,1265.8254
1463.5977,1265.5651
1463.7712,1265.6068
1463.7712,1265.4478
1463.9471,1265.622
1463.9471,1265.5052
1464.3064,1265.5195
1464.3064,1265.7717
1464.676,1265.7001
1464.676,1265.6705
1465.0564,1265.7642
1465.0564,1265.8107
1465.6477,1266.02
1465.6477,1266.1321
1466.0566,1266.2185
1466.0566,1265.9521
1466.6932,1266.1562
1466.6932,1266.0731
1467.3593,1265.964
1467.3593,1265.9718
1468.6816,1266.2047
1468.6816,1266.4067
1469.8188,1266.3877
1469.8188,1266.4375
1471.276,1266.6173
1471.276,1266.6724
1472.9143,1267.0265
1472.9143,1267.0166
1474.9161,1267.3799
1474.9161,1267.042
1477.3514,1267.5049
1477.3514,1267.5652
1479.5594,1268.2509
1479.5594,1268.0001
1482.2568,1268.5613
1482.2568,1268.6367
1484.2949,1268.8422
1484.2949,1269.0319
1486.8917,1269.6388
1486.8917,1269.5803
1489.6531,1270.2056
1489.6531,1270.1599
1492.2274,1270.5929
1492.2274,1270.7351
1493.8639,1271.1736
1493.8639,1271.5734
1496.157,1271.986
1496.157,1272.1992
1497.6279,1272.5438
1497.6279,1272.7083
1499.1891,1272.9333
1499.1891,1273.4279
1500.8466,1273.7927
1500.8466,1273.8125
1501.9009,1274.1847
1501.9009,1274.2627
1503.0062,1274.8024
1503.0062,1274.7261
1503.8492,1275.1002
1503.8492,1275.0944
1504.2936,1275.4673
1504.2936,1275.4799
1504.4297,1275.5493
1504.4297,1275.8494
1504.9075,1276.2739
1504.9075,1276.1824
1504.5743,1276.3903
1504.5743,1276.5524
1504.2327,1276.5115
1504.2327,1276.7095
1504.2327,1276.5967
1504.2327,1276.6257
1503.0487,1276.6846
1503.0487,1276.7332
1501.8527,1276.7924
1501.8527,1276.9807
1500.6453,1276.5815
1500.6453,1276.9185
1499.0376,1276.5321
1499.0376,1276.5774
1496.6228,1276.6674
1496.6228,1276.512
1494.6462,1276.3412
1494.6462,1276.2551
1492.6982,1275.8351
1492.6982,1275.8269
1489.5863,1275.4266
1489.5863,1275.5382
1486.5363,1274.9976
1486.5363,1274.7711
1482.4042,1274.5502
1482.4042,1274.4702
1478.966,1273.7229
1478.966,1273.6775
1475.6011,1272.954
1475.6011,1272.9374
1472.7898,1272.2264
1472.7898,1272.1643
1469.5796,1271.6886
1469.5796,1271.5656
1467.2509,1270.8717
1467.2509,1270.465
1464.9017,1270.0056
1464.9017,1269.7003
1462.54,1269.1865
1462.54,1269.0609
1460.4723,1268.3508
1460.4723,1268.3115
1459.0618,1267.669
1459.0618,1267.6514
1457.627,1267.0836
1457.627,1267.0211
1456.4198,1266.5154
1456.4198,1266.4175
1455.9204,1265.7341
1455.9204,1265.5992
1456.4406,1265.3186
1456.4406,1265.0497
1455.9152,1264.9608
1455.9152,1264.7463
1456.4635,1264.8331
1456.4635,1264.5242
1457.8973,1264.3633
1457.8973,1264.2708
1459.4182,1264.2922
1459.4182,1264.1796
1461.4308,1264.224
1461.4308,1264.1736
1463.187,1264.4437
1463.187,1264.5078
1465.966,1264.692
1465.966,1264.7527
1468.866,1264.71
1468.866,1264.5245
1472.5339,1265.0493
1472.5339,1265.4283
1476.4646,1265.6898
1476.4646,1265.6708
1480.6465,1266.3972
1480.6465,1266.4794
1485.0557,1267.3334
1485.0557,1267.5365
1488.876,1268.2471
1488.876,1268.5258
1492.9504,1268.9945
1492.9504,1269.3772
1494.1177,1270.1055
1494.1177,1270.315
1496.5587,1271.279
1496.5587,1271.3086
1496.5587,1271.7832
1496.5587,1271.9553
1495.8302,1272.3247
1495.8302,1272.8201
1495.8302,1272.8783
1495.8302,1273.1836
1493.8104,1273.3721
1493.8104,1273.473
1490.9417,1273.5497
1490.9417,1273.6705
1488.8665,1273.8712
1488.8665,1273.9047
1485.8497,1273.57
1485.8497,1273.6329
1481.6637,1273.4891
1481.6637,1273.5038
1477.4384,1273.1079
1477.4384,1272.8575
1473.3063,1272.5299
1473.3063,1272.233
1468.151,1271.7673
1468.151,1271.6318
1464.3644,1271.076
1464.3644,1270.9565
1458.3608,1269.9879
1458.3608,1269.7264
1453.8395,1268.9446
1453.8395,1268.6204
1449.6132,1267.6813
1449.6132,1267.3948
1444.4237,1266.538
1444.4237,1266.1562
1439.8489,1265.27
1439.8489,1264.8071
1436.8379,1263.8517
1436.8379,1263.5834
1433.2502,1262.5527
1433.2502,1262.1423
1430.971,1261.1757
1430.971,1260.8884
1429.1345,1260.0914
1429.1345,1259.8445
1427.5496,1259.1886
1427.5496,1258.8164
1426.1697,1258.0726
1426.1697,1257.8945
1425.8013,1257.6035
1425.8013,1257.0682
1424.8823,1256.436
1424.8823,1256.2507
1424.6404,1255.7764
1424.6404,1255.9829
1424.4266,1255.4221
1424.4266,1255.1979
1423.9065,1255.0042
1423.9065,1255.0508
1423.2922,1254.7468
1423.2922,1254.7638
1422.3049,1254.51
1422.3049,1254.3662
1421.5773,1254.144
1421.5773,1254.2977
1421.0079,1253.8134
1421.0079,1253.8606
1419.7347,1253.6647
1419.7347,1253.6691
1418.9187,1253.2959
1418.9187,1253.2457
1417.662,1252.8849
1417.662,1252.985
1416.6487,1252.6991
1416.6487,1252.7393
1415.6815,1252.1411
1415.6815,1252.1697
1414.7579,1252.0923
1414.7579,1252.0209
1413.8756,1251.5225
1413.8756,1251.6292
1413.0322,1251.7189
1413.0322,1251.1984
1412.5104,1251.0985
1412.5104,1250.976
1412.0083,1250.8936
1412.0083,1250.7632
1411.2533,1250.6879
1411.2533,1250.58
1410.6213,1250.4606
1410.6213,1250.486
1410.0057,1250.3105
1410.0057,1249.9017
1408.9738,1250.0177
1408.9738,1249.9401
1408.1442,1249.693
1408.1442,1249.4475
1407.1588,1249.6318
1407.1588,1249.107
1405.9572,1248.8512
1405.9572,1249.0096
1405.0198,1248.8513
1405.0198,1248.8413
1403.6528,1248.5297
1403.6528,1248.4425
1402.5492,1248.4081
1402.5492,1248.1321
1401.0701,1247.7395
1401.0701,1247.622
1400.0337,1247.6102
1400.0337,1247.5443
1398.6295,1247.1582
1398.6295,1246.8351
1397.8503,1246.7787
1397.8503,1246.7233
1396.9027,1246.4503
1396.9027,1246.5735
1396.1652,1246.2865
1396.1652,1246.15
1395.2415,1245.8964
1395.2415,1245.6467
1394.3661,1245.3953
1394.3661,1245.2766
1393.6849,1245.2314
1393.6849,1245.0529
1392.8567,1244.9817
1392.8567,1244.7017
1392.0536,1244.4087
1392.0536,1244.3523
1390.9182,1244.254
1390.9182,1244.2739
1389.9641,1244.032
1389.9641,1244.0167
1389.0334,1243.4851
1389.0334,1243.4753
1387.7828,1242.9537
1387.7828,1242.9994
1386.6964,1242.8784
1386.6964,1242.9171
1385.6317,1242.7852
1385.6317,1242.5239
1384.5042,1242.217
1384.5042,1241.9514
1383.3878,1241.8865
1383.3878,1241.9241
1382.2836,1241.4371
1382.2836,1241.3923
1381.0892,1241.1423
1381.0892,1241.2064
1379.8965,1240.7676
1379.8965,1240.855
1378.7062,1240.493
1378.7062,1240.3438
1377.6194,1240.0358
1377.6194,1239.8031
1376.3043,1239.7405
1376.3043,1239.6476
1375.3022,1239.4181
1375.3022,1239.2197
1374.292,1239.048
1374.292,1238.738
1373.361,1238.6716
1373.361,1238.4613
1372.1786,1237.8671
1372.1786,1238.302
1371.2991,1237.5413
1371.2991,1237.3269
1370.4015,1237.2358
1370.4015,1237.2108
1369.4856,1236.6929
1369.4856,1236.7626
1368.625,1236.6531
1368.625,1236.5962
1367.7405,1236.2853
1367.7405,1236.1437
1366.5665,1235.8761
1366.5665,1235.7739
1365.6932,1235.2189
1365.6932,1235.1046
1364.7887,1235.032
1364.7887,1235.0228
1364.1349,1234.7848
1364.1349,1234.9056
1363.229,1234.6553
1363.229,1234.2908
1362.5796,1234.299
1362.5796,1233.8694
1361.9019,1233.9645
1361.9019,1233.553
1361.2474,1233.6311
1361.2474,1233.4131
1360.5055,1233.1265
1360.5055,1232.9911
1359.7783,1233.0522
1359.7783,1232.8826
1359.3505,1232.4408
1359.3505,1232.703
1358.5472,1232.0782
1358.5472,1232.0894
1358.0581,1232.0378
1358.0581,1231.8368
1357.9575,1231.9595
1357.9575,1231.7004
1357.4612,1231.9661
1357.4612,1231.5691
1357.2864,1231.4047
1357.2864,1231.5242
1357.5614,1230.9211
1357.5614,1231.2161
1357.4255,1231.039
1357.4255,1231.0162
1358.1783,1230.8011
1358.1783,1231.248
1358.4661,1231.001
1358.4661,1230.9409
1359.3224,1231.3055
1359.3224,1231.285
1360.7561,1230.9622
1360.7561,1230.7239
1362.315,1231.0251
1362.315,1231.0541
1363.8987,1231.6339
1363.8987,1231.6027
1366.2856,1231.6199
1366.2856,1231.7482
1368.3096,1232.2318
1368.3096,1232.3075
1371.1097,1232.5527
1371.1097,1232.7126
1373.5507,1233.0952
1373.5507,1233.0603
1376.8324,1233.3912
1376.8324,1233.898
1379.7639,1234.2577
1379.7639,1234.4178
1383.5796,1235.282
1383.5796,1235.2471
1387.6637,1236.1064
1387.6637,1236.0208
1391.9995,1237.1338
1391.9995,1237.5514
1397.0619,1238.1615
1397.0619,1238.5615
1402.3444,1239.5319
1402.3444,1239.8936
1407.1879,1240.8871
1407.1879,1241.3752
1413.0675,1242.2549
1413.0675,1242.5999
1417.8734,1243.8518
1417.8734,1243.8876
1423.4491,1245.3995
1423.4491,1246.0924
1427.9135,1247.0956
1427.9135,1247.3334
1432.8934,1248.3702
1432.8934,1249.3652
1437.4141,1250.1375
1437.4141,1250.465
1441.1193,1252.0083
1441.1193,1252.1823
1444.6644,1253.2913
1444.6644,1253.6542
1447.9973,1254.7844
1447.9973,1254.8872
1450.823,1256.0609
1450.823,1256.5596
1453.986,1257.2896
1453.986,1257.5354
1456.3068,1258.4767
1456.3068,1258.8444
1458.9438,1259.5638
1458.9438,1260.1356
1460.7113,1260.501
1460.7113,1260.9473
1462.4796,1261.6156
1462.4796,1262.0154
1464.2454,1262.4307
1464.2454,1262.5685
1465.7886,1263.1871
1465.7886,1263.6149
1466.5742,1263.8177
1466.5742,1264.148
1467.672,1264.6304
1467.672,1264.6583
1468.8049,1264.9242
1468.8049,1265.0369
1469.974,1265.5924
1469.974,1265.542
1470.6678,1265.9755
1470.6678,1266.3881
1471.3914,1266.2675
1471.3914,1266.7646
1472.146,1266.6857
1472.146,1266.7628
1472.3954,1266.9668
1472.3954,1267.251
1473.2112,1267.5787
1473.2112,1267.4585
1473.5049,1267.5592
1473.5049,1267.4476
1472.7947,1267.7444
1472.7947,1267.8413
1472.6454,1267.977
1472.6454,1268.2189
1471.8807,1268.0847
1471.8807,1268.1106
1471.0756,1268.152
1471.0756,1268.1089
1469.1309,1267.9861
1469.1309,1268.0289
1467.1096,1268.1359
1467.1096,1267.9097
1465.0128,1268.0226
1465.0128,1267.7705
1462.4873,1267.4922
1462.4873,1267.5839
1460.2731,1267.101
1460.2731,1267.1426
1457.708,1266.8335
1457.708,1266.5061
1455.1565,1266.2933
1455.1565,1266.149
1455.1565,1265.9618
1453.1886,1265.5175
1451.4894,1265.0992
1451.4894,1264.8647
1451.4894,1264.855
1449.675,1264.3749
1449.3912,1263.9856
1449.3912,1263.9736
1449.3912,1263.6431
1448.4247,1263.4565
1448.4247,1263.2646
1448.1906,1262.9448
1448.1906,1263.0094
1448.5162,1262.5778
1448.5162,1262.5328
1448.1888,1262.0892
1448.1888,1262.1781
1448.3868,1261.9474
1448.3868,1261.9636
1448.0913,1261.8134
1448.0913,1261.8494
1448.278,1261.4747
1448.278,1261.5387
1447.476,1261.5015
1447.476,1261.3082
1447.2397,1261.4496
1447.2397,1261.3373
1446.5835,1261.1852
1446.5835,1261.0736
1446.4503,1260.9963
1446.4503,1261.158
1445.9525,1260.9124
1445.9525,1260.8352
1445.3989,1260.9493
1445.3989,1260.5719
1445.4537,1260.663
1445.4537,1260.6223
1445.005,1260.4333
1445.005,1260.4358
1444.5461,1260.4872
1444.5461,1260.4164
1444.6426,1260.5245
1444.6426,1260.5343
1444.2097,1260.2217
1444.303,1260.1636
1444.303,1260.2213
1444.303,1260.2101
1443.8423,1260.5199
1443.8423,1260.2947
1443.399,1260.1074
1443.399,1260.0043
1443.5233,1260.3048
1443.5233,1260.1072
1443.0728,1260.1991
1443.0728,1260.0992
1443.1956,1259.8026
1443.1956,1260.0343
1442.6818,1259.886
1442.6818,1259.947
1442.8417,1259.7958
1442.8417,1259.6003
1442.2397,1259.6915
1442.2397,1259.5016
1442.3916,1259.6014
1442.3916,1259.5461
1441.6688,1259.347
1441.6688,1259.78
1441.8357,1259.4814
1441.8357,1259.6632
1442.0397,1259.519
1442.0397,1259.2787
1441.0609,1259.6791
1441.0609,1259.3008
1441.2125,1259.3297
1441.2125,1259.2753
1442.9603,1259.2743
1442.9603,1259.2487
1443.3986,1259.0665
1443.3986,1259.2313
1446.1205,1259.3387
1446.1205,1259.5913
1451.8389,1259.3923
1451.8389,1259.5619
1456.5652,1259.8948
1456.5652,1259.8986
1464.3373,1260.4293
1464.3373,1260.9315
1471.3008,1261.7385
1471.3008,1261.7064
1480.4844,1263.0955
1480.4844,1263.5194
1487.4272,1264.2495
1487.4272,1264.6454
1493.8851,1266.2148
1493.8851,1266.4454
1499.7625,1267.764
1499.7625,1268.0358
1502.3369,1269.1959
1502.3369,1269.7406
1504.5348,1270.965
1504.5348,1271.3363
1505.5156,1272.0999
1505.5156,1272.3462
1504.1279,1273.2228
1504.1279,1273.633
1502.88,1274.0514
1502.88,1274.6893
1500.8004,1274.5776
1500.8004,1274.6625
1496.8844,1274.9657
1496.8844,1275.2394
1492.1549,1275.0521
1492.1549,1275.2332
1487.6193,1274.9318
1487.6193,1275.2211
1480.5938,1274.5215
1480.5938,1274.6338
1475.2711,1273.8857
1475.2711,1273.9398
1469.2151,1273.1711
1469.2151,1273.0652
1464.5906,1272.107
1464.5906,1272.0378
1458.8225,1270.91
1458.8225,1270.8489
1453.0325,1269.9011
1453.0325,1269.5779
1446.8256,1268.4796
1446.8256,1268.1057
1442.4805,1266.7445
1442.4805,1266.6478
1437.2196,1265.241
1437.2196,1264.8726
1432.6433,1263.7474
1432.6433,1263.4692
1428.5093,1262.3828
1428.5093,1261.8865
1425.1595,1260.794
1425.1595,1260.2229
1423.2218,1259.5225
1423.2218,1259.0679
1421.54,1258.1243
1421.54,1257.7369
1420.8663,1257.0433
1420.8663,1256.6508
1420.5764,1255.8876
1420.5764,1255.4226
1420.7382,1255.2083
1420.7382,1254.8953
1420.8854,1254.7166
1420.8854,1254.532
1421.6715,1253.935
1421.6715,1253.9423
1422.1619,1253.6938
1422.1619,1253.7148
1423.254,1253.5835
1423.254,1253.5251
1423.471,1253.4424
1423.471,1253.3876
1424.9191,1253.4989
1424.9191,1253.3961
1425.7278,1253.4059
1425.7278,1253.3624
1426.971,1253.7015
1426.971,1253.7195
1428.2267,1253.3186
1428.2267,1253.8156
1429.3553,1253.9407
1429.3553,1253.9989
1430.5236,1254.0586
1430.5236,1254.2274
1430.9385,1254.582
1430.9385,1254.474
1432.1909,1255.0364
1432.1909,1255.074
1433.3925,1255.1128
1433.3925,1255.0475
1433.9327,1255.4974
1433.9327,1255.62
1435.1985,1255.7709
1435.1985,1255.9973
1435.8461,1256.0077
1435.8461,1256.0765
1436.4792,1256.3374
1436.4792,1256.2479
1437.1825,1256.4523
1437.1825,1256.6204
1438.0062,1256.7594
1438.0062,1257.1138
1437.8866,1257.0149
1437.8866,1257.4236
1437.7518,1257.317
1437.7518,1257.1868
1437.652,1257.6093
1437.652,1257.6583
1436.3118,1257.6508
1436.3118,1257.6617
1434.9006,1257.765
1434.9006,1257.8329
1433.5172,1257.4049
1433.5172,1257.4696
1431.8575,1257.4036
1431.8575,1257.3896
1428.9685,1257.126
1428.9685,1257.5146
1427.3109,1256.8463
1427.3109,1256.8279
1424.6544,1256.1123
1424.6544,1256.2107
1422.0638,1255.802
1422.0638,1255.8927
1420.0701,1255.3499
1420.0701,1255.3853
1418.2294,1254.678
1418.2294,1254.6019
1417.6307,1254.3247
1417.6307,1254.2787
1418.0786,1253.798
1418.0786,1253.372
1419.0083,1253.1882
1419.0083,1253.2037
1420.2693,1252.9374
1420.2693,1252.762
1421.3926,1252.8275
1421.3926,1252.9474
1422.3986,1252.9575
1422.3986,1252.9402
1424.1316,1252.8573
1424.1316,1252.6355
1425.7112,1252.9323
1425.7112,1252.8333
1427.1545,1253.2804
1427.1545,1253.43
1428.299,1253.345
1428.299,1253.3688
1429.3817,1253.6544
1429.3817,1253.8651
1431.1249,1254.1196
1431.1249,1253.9684
1432.677,1254.3215
1432.677,1254.1528
1434.2772,1254.7577
1434.2772,1254.7748
1435.6769,1255.1299
1435.6769,1255.1525
1437.1229,1255.283
1437.1229,1255.6587
1439.2068,1256.0406
1439.2068,1256.1384
1441.2927,1256.8556
1441.2927,1256.7567
1443.3752,1256.9491
1443.3752,1257.1832
1445.4487,1257.8435
1445.4487,1257.6498
1447.6143,1258.0557
1447.6143,1258.2296
1450.5131,1258.702
1450.5131,1259.0022
1453.6345,1259.3328
1453.6345,1259.5078
1456.1619,1260.0947
1456.1619,1260.268
1459.0618,1260.7546
1459.0618,1260.9801
1461.8087,1261.6321
1461.8087,1261.7712
1464.2974,1262.409
1464.2974,1262.5483
1466.5295,1263.2849
1466.5295,1263.1288
1468.1173,1263.7
1468.1173,1263.8472
1469.0437,1264.3792
1469.0437,1264.8878
1470.0275,1265.2567
1470.0275,1265.1666
1471.0731,1265.7528
1471.0731,1265.7261
1471.3936,1266.0709
1471.3936,1266.275
1471.7413,1266.4783
1471.7413,1266.6605
1471.501,1266.9434
1471.501,1267.0762
1470.359,1267.2361
1470.359,1267.303
1470.064,1267.3701
1470.064,1267.653
1468.1797,1267.5482
1468.1797,1267.4437
1466.8065,1267.5043
1466.8065,1267.7399
1464.753,1267.232
1464.753,1267.5015
1462.1185,1267.2435
1462.1185,1267.3287
1459.9677,1266.9908
1459.9677,1266.8453
1458.4403,1266.2377
1458.4403,1266.569
1456.2455,1266.271
1456.2455,1265.975
1454.4548,1265.7415
1454.4548,1265.6862
1452.0098,1265.3013
1452.0098,1264.9956
1450.6943,1264.5792
1450.6943,1264.3424
1449.2281,1264.2357
1449.2281,1264.0858
1447.7152,1263.6971
1447.7152,1263.4329
1446.4861,1263.114
1446.4861,1262.9678
1445.2457,1262.6748
1445.2457,1262.7749
1444.1296,1262.1017
1444.1296,1262.1407
1443.1208,1261.8264
1443.1208,1261.7332
1441.412,1261.1412
1441.412,1261.3137
1439.8993,1261.0076
1439.8993,1260.8241
1437.8768,1260.5378
1437.8768,1260.2417
1436.7075,1259.9248
1436.7075,1259.7732
1435.1106,1259.7266
1435.1106,1259.2821
1433.631,1259.0786
1433.631,1258.916
1432.2903,1258.6481
1432.2903,1258.2631
1431.495,1257.8419
1431.495,1258.061
1430.2523,1257.5784
1430.2523,1257.3691
1429.5748,1257.3948
1429.5748,1256.9631
1428.833,1256.7596
1428.833,1256.7524
1428.1238,1256.5784
1428.1238,1256.3866
1427.328,1256.064
1427.328,1256.1018
1426.9977,1255.7098
1426.9977,1255.9772
1426.1083,1255.7506
1426.1083,1255.799
1425.666,1255.4749
1425.666,1255.4481
1425.0898,1255.319
1425.0898,1254.9757
1424.361,1254.897
1424.361,1254.735
1424.0638,1254.5144
1424.0638,1254.282
1423.2922,1254.377
1423.2922,1254.3434
1422.3223,1254.2775
1422.3223,1254.1642
1421.7832,1254.041
1421.7832,1253.8844
1420.5128,1253.6841
1420.5128,1253.8015
1419.8792,1253.7136
1419.8792,1253.6008
1418.1967,1253.4933
1418.1967,1253.3953
1417.164,1253.419
1417.164,1252.9891
1416.0344,1252.6982
1416.0344,1252.434
1413.8694,1252.3401
1413.8694,1252.5035
1412.0701,1252.1161
1412.0701,1251.9391
1410.4587,1251.6697
1410.4587,1251.3885
1408.6699,1251.1654
1408.6699,1250.8094
1407.8851,1250.7721
1407.8851,1250.4292
1408.279,1250.1528
1408.279,1249.8214
1407.9492,1249.879
1407.9492,1249.4702
1408.9417,1249.8795
1408.9417,1249.4949
1410.5435,1249.3896
1410.5435,1249.2611
1413.044,1249.11
1413.044,1249.232
1415.2478,1249.4585
1415.2478,1249.0593
1417.9011,1249.7832
1417.9011,1249.7397
1421.0321,1250.2126
1421.0321,1250.1162
1424.4518,1250.6079
1424.4518,1250.6212
1427.4794,1251.2183
1427.4794,1251.1417
1430.636,1251.9207
1430.636,1252.1156
1434.5037,1252.6047
1434.5037,1252.9523
1438.1461,1253.4419
1438.1461,1253.8538
1442.3916,1254.3322
1442.3916,1254.3577
1446.3358,1255.2562
1446.3358,1255.2571
1449.3604,1256.3749
1449.3604,1256.3718
1452.9862,1257.3972
1452.9862,1257.5731
1455.925,1258.3057
1455.925,1258.7786
1458.507,1259.2838
1458.507,1259.7249
1461.5422,1260.3374
1461.5422,1260.5519
1464.2028,1261.5486
1464.2028,1261.6676
1466.493,1262.3104
1466.493,1262.7308
1468.3748,1263.1686
1468.3748,1263.5061
1470.5989,1264.157
1470.5989,1264.441
1472.9385,1264.5897
1472.9385,1264.9495
1475.0602,1265.442
1475.0602,1265.8751
1477.1438,1266.3094
1477.1438,1266.523
1479.674,1266.75
1479.674,1267.3137
1481.6831,1267.8323
1481.6831,1267.9233
1483.6923,1268.649
1483.6923,1268.4825
1486.7302,1269.0677
1486.7302,1269.1912
1488.7644,1269.6515
1488.7644,1270.0056
1491.4026,1270.4491
1491.4026,1270.669
1493.6796,1271.0007
1493.6796,1271.2096
1497.073,1271.7412
1497.073,1272.1127
1499.4889,1272.2518
1499.4889,1272.3922
1502.3561,1272.8871
1502.3561,1273.2723
1504.6105,1273.7354
1504.6105,1274.0295
1507.752,1274.5074
1507.752,1274.4923
1509.9445,1275.1722
1509.9445,1275.3728
1512.2664,1276.0654
1512.2664,1276.0966
1514.7212,1276.5834
1514.7212,1276.8916
1517.1245,1277.3425
1517.1245,1277.4268
1518.5497,1278.133
1518.5497,1278.2568
1520.1344,1278.7115
1520.1344,1278.884
1521.9042,1279.1929
1521.9042,1279.314
1523.8894,1279.6472
1523.8894,1279.7639
1524.7233,1280.1631
1524.7233,1280.4031
1525.7053,1280.7808
1525.7053,1280.8468
1525.406,1281.1262
1525.406,1281.3276
1524.9354,1281.6632
1524.9354,1281.6316
1524.3578,1281.5883
1524.3578,1281.794
1521.5128,1281.7018
1521.5128,1281.7988
1517.8842,1281.8325
1517.8842,1282.0135
1511.274,1281.5125
1511.274,1281.4418
1503.478,1281.3468
1503.478,1281.1738
1492.9401,1280.4524
1492.9401,1280.4524
1482.6335,1279.09
1482.6335,1279.1932
1472.6093,1277.699
1472.6093,1277.6384
1463.0117,1276.1415
1463.0117,1275.5591
1455.7369,1273.9935
1455.7369,1273.5375
1447.8962,1271.8372
1447.8962,1271.2681
1445.218,1269.9993
1445.218,1269.526
1441.4148,1267.6997
1441.4148,1267.2909
1441.2482,1266.1793
1441.2482,1265.5966
1439.8121,1264.6318
1439.8121,1264.2302
1439.8304,1263.3923
1439.8304,1263.0905
1440.943,1262.5148
1440.943,1262.086
1441.8732,1261.787
1441.8732,1261.4211
1443.591,1261.2117
1443.591,1260.8429
1444.1296,1260.9171
1444.1296,1260.5645
1444.656,1260.397
1444.656,1260.1571
1445.0417,1260.1978
1445.0417,1260.0283
1445.3734,1260.1528
1445.3734,1259.9054
1445.0922,1259.8737
1445.0922,1259.7858
1444.8386,1259.9666
1444.8386,1260.0085
1444.555,1259.8768
1444.555,1259.9323
1443.8423,1259.9352
1443.8423,1259.9458
1443.1754,1259.7909
1443.1754,1259.6448
1442.5503,1260.0048
1442.5503,1259.8489
1441.9838,1259.5597
1441.9838,1259.7714
1440.9365,1259.6912
1440.9365,1259.7285
1440.9365,1259.518
1440.4285,1259.5376
1439.4369,1259.4922
1439.4369,1259.4143
1438.45,1259.2234
1438.45,1259.4689
1437.4384,1258.842
1437.4384,1259.0444
1436.4438,1258.7637
1436.4438,1258.9614
1435.4053,1258.8231
1435.4053,1258.717
1433.7814,1258.3647
1433.7814,1258.2876
1433.2035,1258.0596
1433.2035,1257.9803
1431.4039,1257.6862
1431.4039,1257.6261
1430.6809,1257.4486
1430.6809,1257.1318
1429.3851,1257.2198
1429.3851,1256.9318
1427.9042,1256.6346
1427.9042,1256.5564
1426.333,1256.2701
1426.333,1256.3486
1424.4783,1255.9512
1424.4783,1255.8771
1424.4783,1255.4132
1423.283,1255.4946
1423.283,1255.1245
1421.143,1254.9486
1421.143,1254.7155
1419.4539,1254.8026
1417.9104,1254.7422
1417.9104,1254.1224
1415.5409,1253.828
1415.5409,1253.565
1413.9891,1253.0839
1413.9891,1252.9741
1412.2438,1252.5537
1412.2438,1252.4274
1410.2699,1251.6439
1410.2699,1251.8511
1410.2699,1251.5365
1409.4397,1251.2415
1408.5051,1250.9788
1408.5051,1250.6318
1408.5051,1250.6104
1409.0397,1250.1752
1409.0397,1249.9896
1409.6393,1250.2102
1409.6393,1249.8474
1411.0062,1249.7517
1411.0062,1249.4655
1411.805,1249.4768
1411.805,1249.8804
1415.2972,1249.4819
1415.2972,1249.705
1417.1345,1249.9115
1417.1345,1249.6399
1419.723,1250.3822
1419.723,1250.1576
1421.8859,1250.5122
1421.8859,1250.5961
1424.7178,1251.0464
1424.7178,1251.0754
1427.6283,1251.6058
1427.6283,1251.5767
1430.3074,1251.9265
1430.3074,1252.4733
1431.8625,1252.721
1431.8625,1253.0079
1433.43,1253.1201
1433.43,1253.7249
1436.6989,1254.0759
1436.6989,1254.2261
1438.2928,1254.4528
1438.2928,1254.6464
1439.7955,1255.364
1439.7955,1255.6368
1441.2125,1255.9598
1441.2125,1256.1772
1442.5493,1256.6901
1442.5493,1256.801
1442.4153,1257.2413
1442.4153,1257.3856
1442.3533,1257.8759
1442.3533,1258.034
1442.2385,1258.0828
1442.2385,1258.4247
1442.1345,1258.4128
1442.1345,1258.5896
1442.0397,1258.5366
1442.0397,1258.7739
1440.9027,1258.6815
1440.9027,1259.0269
1439.8582,1258.9265
1439.8582,1258.7438
1437.9679,1258.7164
1437.9679,1259.0669
1437.1304,1258.8176
1437.1304,1258.7582
1435.4764,1258.4
1435.4764,1258.6604
1433.9435,1258.5032
1433.9435,1258.1146
1431.713,1258.1793
1431.713,1257.8757
1430.2673,1257.68
1430.2673,1257.6172
1428.299,1257.2262
1428.299,1257.0813
1427.0038,1256.7296
1427.0038,1256.7726
1424.8265,1256.6003
1424.8265,1256.3391
1423.3994,1256.0186
1423.3994,1256.0862
1421.9929,1255.5554
1421.9929,1255.559
1420.3242,1255.0688
1420.3242,1254.8475
1419.3312,1254.5127
1419.3312,1254.5712
1419.0215,1254.037
1419.0215,1253.7177
1417.6552,1253.4958
1417.6552,1253.2333
1416.9513,1253.2697
1416.9513,1253.2834
1416.9604,1252.7402
1416.9604,1252.701
1416.1858,1252.7822
1416.1858,1252.5078
1414.9276,1252.4452
1414.9276,1252.2047
1414.8549,1252.1731
1414.8549,1251.5417
1413.4022,1251.6488
1413.4022,1251.7457
1411.2067,1251.3638
1411.2067,1251.2937
1409.3307,1251.3296
1409.3307,1251.023
1407.222,1250.5803
1407.222,1250.333
1405.8864,1249.959
1405.8864,1249.9907
1404.1478,1249.6868
1404.1478,1249.2278
1403.3696,1249.0846
1403.3696,1248.9965
1401.3138,1248.3729
1401.3138,1248.603
1400.2517,1248.4114
1400.2517,1247.9288
1400.2955,1247.7369
1400.2955,1247.4695
1401.7008,1247.3829
1401.7008,1247.3235
1403.3053,1246.9452
1403.3053,1247.1816
1404.8486,1246.9688
1404.8486,1247.3206
1409.8472,1247.0466
1409.8472,1247.022
1413.4923,1247.3972
1413.4923,1247.2665
1420.2817,1248.0233
1420.2817,1247.8031
1427.031,1248.509
1427.031,1248.7358
1433.56,1249.6251
1433.56,1249.9513
1439.7102,1251.1466
1439.7102,1251.4542
1445.4178,1252.6901
1445.4178,1253.014
1450.6,1254.0173
1450.6,1254.5775
1455.2616,1255.666
1455.2616,1256.0541
1458.8225,1257.0419
1458.8225,1257.3901
1461.8198,1258.6406
1461.8198,1259.0354
1463.7456,1259.8324
1463.7456,1260.2035
1464.8308,1261.019
1464.8308,1261.5801
1466.2266,1262.324
1466.2266,1262.4843
1465.5612,1262.9062
1465.5612,1263.3376
1465.8523,1263.8889
1465.8523,1264.2018
1464.4589,1264.2811
1464.4589,1264.7512
1463.2001,1264.975
1463.2001,1265.0626
1462.0582,1265.2714
1462.0582,1265.284
1461.3546,1265.2689
1461.3546,1265.2103
1459.6495,1265.2668
1459.6495,1265.4156
1457.627,1265.1127
1457.627,1265.3102
1456.401,1265.2098
1456.401,1265.0308
1454.7506,1264.7937
1454.7506,1264.9092
1453.126,1264.6527
1453.126,1264.5686
1451.5289,1264.3601
1451.5289,1264.2714
1450.1072,1263.8535
1450.1072,1263.8209
1448.6726,1263.3947
1448.6726,1263.3871
1447.2269,1263.0378
1447.2269,1262.9215
1446.5983,1262.5221
1446.5983,1262.4067
1445.1962,1261.8187
1445.1962,1261.9268
1444.511,1261.8427
1444.511,1261.8014
1444.5824,1261.413
1444.5824,1261.3293
1443.9271,1261.1935
1443.9271,1260.9572
1444.0599,1260.7017
1444.0599,1260.6115
1445.0626,1260.8258
1445.0626,1260.384
1445.3424,1260.4701
1445.3424,1260.2778
1447.4216,1260.4651
1447.4216,1260.3413
1448.8573,1260.2664
1448.8573,1260.5693
1451.5015,1260.7985
1451.5015,1260.5338
1455.5266,1260.866
1455.5266,1260.6158
1458.8695,1261.3215
1458.8695,1261.377
1462.5931,1261.9703
1462.5931,1261.9712
1467.4231,1262.38
1467.4231,1262.6498
1472.1409,1263.2324
1472.1409,1263.4324
1476.1343,1264.1818
1476.1343,1264.376
1480.6118,1265.6483
1480.6118,1265.6276
1483.0923,1266.2864
1483.0923,1266.671
1485.8257,1267.4769
1485.8257,1267.7745
1488.838,1268.4661
1488.838,1268.8002
1490.9604,1269.0366
1490.9604,1269.5437
1492.7603,1270.1578
1492.7603,1270.2424
1492.1399,1270.8892
1492.1399,1271.109
1492.8364,1271.5962
1492.8364,1271.5453
1489.8713,1272.0222
1489.8713,1272.26
1486.492,1272.3922
1486.492,1272.636
1482.6335,1272.4249
1482.6335,1272.6472
1475.8048,1271.9498
1475.8048,1272.3206
1467.5676,1271.8574
1467.5676,1271.7828
1456.6821,1271.1615
1456.6821,1271.1259
1442.831,1269.7401
1442.831,1269.5521
1433.4125,1268.0692
1433.4125,1267.6615
1422.6857,1265.5654
1422.6857,1265.0314
1415.2731,1263.2338
1415.2731,1262.878
1406.8497,1260.5743
1406.8497,1259.9199
1403.1111,1258.4884
1403.1111,1257.6835
1400.2115,1255.9606
1400.2115,1255.2125
1397.0538,1253.9313
1397.0538,1253.5992
1396.3921,1252.282
1396.3921,1251.707
1395.1005,1250.8105
1395.1005,1249.9196
1394.7384,1249.4835
1394.7384,1249.0234
1394.4358,1248.1808
1394.4358,1247.7169
1394.756,1247.315
1394.756,1246.8909
1394.3921,1246.652
1394.3921,1246.1217
1393.4346,1245.8827
1393.4346,1245.6921
1393.6603,1245.3344
1393.6603,1244.7532
1392.6768,1244.7567
1392.6768,1244.3613
1392.7996,1244.4166
1392.7996,1244.1577
1392.3289,1243.8743
1392.3289,1243.6932
1392.3289,1243.9132
1392.3289,1243.7001
1392.1984,1243.6824
1392.1984,1243.5828
1391.5853,1243.624
1391.5853,1243.4373
1391.922,1243.2898
1391.922,1243.4225
1391.7756,1243.0803
1391.7756,1243.1665
1392.1351,1243.3849
1392.1351,1243.2032
1391.8297,1243.227
1391.8297,1243.174
1392.2186,1243.3855
1392.2186,1243.3323
1392.4786,1243.1841
1392.4786,1243.0483
1393.5546,1243.3163
1393.5546,1242.9688
1394.7384,1243.2062
1394.7384,1243.1296
1396.8529,1243.2007
1396.8529,1243.0903
1399.1243,1243.9174
1399.1243,1243.7134
1402.4147,1243.7618
1402.4147,1243.8228
1405.8245,1244.203
1405.8245,1244.4152
1410.3019,1244.7832
1410.3019,1245.1044
1413.923,1245.6255
1413.923,1245.9418
1419.1228,1246.806
1419.1228,1246.5873
1424.1737,1247.3538
1424.1737,1247.8536
1429.0077,1248.7227
1429.0077,1249.0011
1434.6143,1250.2302
1434.6143,1250.388
1438.8735,1251.1923
1438.8735,1251.6401
1442.7133,1252.7758
1442.7133,1253.235
1447.1495,1254.139
1447.1495,1254.5096
1451.3927,1255.3434
1451.3927,1256.0674
1455.3682,1256.8125
1455.3682,1257.3877
1458.2888,1258.1992
1458.2888,1258.9324
1462.1022,1259.5919
1462.1022,1260.0457
1465.0128,1260.7368
1465.0128,1260.8663
1468.2125,1261.537
1468.2125,1262.2614
1470.8809,1262.6608
1470.8809,1263.3903
1473.2618,1264.009
1473.2618,1264.0823
1475.6011,1265.0182
1475.6011,1265.1748
1478.4227,1265.8176
1478.4227,1266.0049
1480.6779,1266.7086
1480.6779,1267.0386
1482.9601,1267.6776
1482.9601,1267.8999
1485.2626,1268.685
1485.2626,1268.809
1487.5779,1269.0892
1487.5779,1269.3564
1490.5784,1270.0026
1490.5784,1270.0947
1493.1704,1270.787
1493.1704,1270.8458
1495.8549,1271.3992
1495.8549,1271.6149
1498.2004,1272.1827
1498.2004,1272.0347
1500.6716,1272.7769
1500.6716,1272.9907
1503.2684,1273.5201
1503.2684,1273.5375
1505.6285,1274.3467
1505.6285,1274.3024
1506.8235,1274.866
1506.8235,1274.9581
1509.5231,1275.5153
1509.5231,1275.733
1511.0077,1276.0018
1511.0077,1276.047
1512.6367,1276.5969
1512.6367,1276.6456
1512.8754,1277.3724
1512.8754,1277.2499
1513.1458,1277.6469
1513.1458,1277.8151
1513.0822,1277.8391
1513.0822,1278.1316
1513.4181,1278.3096
1513.4181,1278.4437
1511.6371,1278.6603
1511.6371,1278.6039
1511.3588,1278.7118
1511.3588,1278.8955
1505.8933,1278.7955
1505.8933,1278.7365
1502.1058,1278.7904
1502.1058,1279.1315
1492.9401,1278.2698
1492.9401,1278.4489
1480.4844,1277.7406
1480.4844,1277.6562
1464.496,1276.6274
1464.496,1276.436
1446.1075,1274.7632
1446.1075,1274.6621
1427.4083,1272.3372
1427.4083,1271.6758
1414.0732,1268.8884
1414.0732,1268.1997
1405.1512,1264.9839
1405.1512,1264.0629
1401.5911,1261.3956
1401.5911,1260.4847
1396.8834,1258.591
1396.8834,1257.6581
1395.2915,1256.1162
1395.2915,1255.372
1394.8505,1253.8688
1394.8505,1252.8762
1394.4924,1251.8496
1394.4924,1251.3882
1394.1958,1250.4279
1394.1958,1249.8313
1393.9463,1249.018
1393.9463,1248.3555
1394.2878,1247.7166
1394.2878,1247.0272
1395.2047,1246.8698
1395.2047,1246.2052
1395.9392,1246.0189
1395.9392,1245.6381
1396.6061,1245.1729
1396.6061,1244.9446
1397.6927,1244.5645
1397.6927,1244.7048
1398.7019,1244.7925
1398.7019,1244.512
1399.6473,1244.5669
1399.6473,1244.4531
1400.5574,1244.7662
1400.5574,1244.8643
1401.4335,1245.2874
1401.4335,1245.0835
1402.3251,1245.2207
1402.3251,1245.3221
1402.7968,1245.373
1402.7968,1245.7295
1403.6866,1246.0149
1403.6866,1245.8273
1404.1681,1246.1632
1404.1681,1245.8083
1404.2476,1246.1427
1404.2476,1246.2461
1404.3298,1246.2665
1404.3298,1246.4512
1404.4147,1246.5583
1404.4147,1246.5751
1404.0677,1246.8928
1404.0677,1246.9403
1403.701,1246.9788
1403.701,1246.7395
1403.8641,1246.86
1403.8641,1246.9365
1403.4662,1246.7744
1403.4662,1246.7424
1402.5271,1247.1191
1402.5271,1246.8889
1402.0543,1247.1536
1402.0543,1247.0299
1400.9728,1246.8549
1400.9728,1246.5566
1400.4318,1246.629
1400.4318,1246.7692
1399.8234,1246.5956
1399.8234,1246.6552
1399.1348,1246.2544
1399.1348,1246.1359
1397.5455,1246.2017
1397.5455,1246.1643
1398.2672,1245.9247
1398.2672,1245.8595
1398.1693,1245.9044
1398.1693,1245.4731
1398.0927,1245.6776
1398.0927,1245.652
1399.0717,1245.5981
1399.0717,1245.2057
1401.3986,1245.6248
1401.3986,1245.4054
1404.102,1245.6019
1404.102,1245.1757
1409.8832,1245.8937
1409.8832,1245.9083
1414.7207,1246.1001
1414.7207,1246.433
1419.9762,1247.1217
1419.9762,1247.2567
1428.0388,1248.12
1428.0388,1248.354
1434.0525,1249.3412
1434.0525,1249.3971
1439.7325,1251.2822
1439.7325,1251.3496
1445.218,1252.6892
1445.218,1252.766
1449.8832,1253.933
1449.8832,1254.3315
1454.286,1255.434
1454.286,1256.1371
1457.7207,1256.9601
1457.7207,1257.3961
1459.3635,1258.4589
1459.3635,1258.7355
1461.9858,1259.7427
1461.9858,1260.1134
1462.6295,1260.7598
1462.6295,1261.2574
1463.6804,1261.759
1463.6804,1262.1985
1463.182,1262.6588
1463.182,1262.9813
1462.744,1263.3811
1462.744,1263.6017
1461.1221,1263.9222
1461.1221,1264.0646
1460.0438,1264.2139
1460.0438,1264.5251
1459.0663,1264.4867
1459.0663,1264.5311
1457.4307,1264.5056
1457.4307,1264.475
1455.925,1264.3403
1455.925,1264.6907
1454.5366,1264.2416
1454.5366,1264.672
1452.7526,1264.3252
1452.7526,1264.0992
1451.047,1263.8215
1451.047,1264.0364
1449.418,1263.7429
1449.418,1263.686
1447.405,1263.3134
1447.405,1263.0145
1445.9701,1262.6676
1445.9701,1262.5553
1443.9565,1262.6769
1443.9565,1262.2019
1441.9331,1261.8484
1441.9331,1261.7858
1439.9036,1261.5408
1439.9036,1261.2654
1437.1229,1261.0015
1437.1229,1260.767
1434.2772,1260.3484
1434.2772,1260.1385
1432.079,1259.4393
1432.079,1259.441
1428.9802,1258.9528
1428.9802,1258.8352
1426.6746,1258.3832
1426.6746,1258.0083
1423.3994,1257.571
1423.3994,1257.2537
1421.4509,1256.8065
1421.4509,1256.3989
1421.4509,1255.9443
1418.3748,1255.6067
1416.2219,1255.1926
1416.2219,1255.2448
1416.2219,1254.5796
1414.3102,1254.1007
1412.7001,1253.6519
1412.7001,1253.3452
1412.7001,1253.1344
1410.5183,1252.4288
1410.5183,1252.3815
1408.7103,1251.6962
1407.5928,1251.8099
1407.5928,1251.4445
1407.5928,1250.9917
1406.4022,1250.4495
1406.4022,1250.3309
1405.1321,1249.8544
1405.1321,1249.8176
1405.2911,1249.8174
1405.2911,1249.3534
1404.7603,1249.1549
1404.7603,1248.7576
1404.9207,1248.7758
1404.9207,1248.8043
1406.0238,1248.3433
1406.0238,1248.235
1406.9779,1248.1482
1406.9779,1248.2559
1409.9672,1248.2169
1409.9672,1248.1582
1412.0667,1248.2974
1415.3744,1248.1089
1415.3744,1248.6454
1415.3744,1248.6638
1419.3899,1249.1118
1419.3899,1249.5715
1424.6011,1249.7301
1424.6011,1249.6617
1428.856,1250.5635
1428.856,1250.7236
1433.8313,1251.4985
1433.8313,1251.5956
1439.8384,1252.5731
1439.8384,1252.6823
1444.3236,1253.4052
1444.3236,1253.8678
1449.6311,1254.7847
1449.6311,1255.0005
1453.5475,1256.1461
1453.5475,1256.3047
1457.5316,1257.4417
1457.5316,1257.9202
1462.2737,1258.6779
1462.2737,1259.0637
1465.4623,1260.0791
1465.4623,1260.3754
1469.4819,1261.3916
1469.4819,1261.8424
1472.5646,1262.4243
1472.5646,1263.0211
1475.5817,1263.8325
1475.5817,1264.318
1478.5193,1265.0131
1478.5193,1265.4142
1481.3815,1265.9596
1481.3815,1266.4376
1484.2839,1267.2114
1484.2839,1267.4683
1486.553,1268.1045
1486.553,1268.474
1489.5287,1269.0511
1489.5287,1269.3298
1491.2896,1269.9587
1491.2896,1270.0986
1493.7458,1270.8359
1493.7458,1270.7308
1495.6783,1271.2675
1495.6783,1271.6593
1497.131,1272.0184
1497.131,1272.3033
1499.2727,1272.7832
1499.2727,1273.1307
1499.8228,1273.4504
1499.8228,1273.5579
1499.8208,1274.0339
1499.8208,1274.3322
1499.2151,1274.5203
1499.2151,1274.6959
1499.182,1274.7021
1499.182,1274.8788
1497.1193,1274.7836
1497.1193,1275.031
1494.2866,1275.0469
1494.2866,1275.3097
1490.4283,1274.9093
1490.4283,1275.0984
1486.2554,1274.6821
1486.2554,1274.7382
1481.7776,1274.3124
1481.7776,1274.325
1475.9451,1273.8588
1475.9451,1273.4777
1469.7017,1273.0872
1469.7017,1272.9021
1461.72,1272.1179
1461.72,1271.6504
1456.3092,1270.6881
1456.3092,1270.5963
1449.5902,1269.3477
1449.5902,1268.915
1445.0037,1267.9856
1445.0037,1267.6382
1441.0103,1266.4083
1441.0103,1265.7831
1438.7483,1264.9159
1438.7483,1264.5177
1436.8379,1263.6572
1436.8379,1263.1708
1435.13,1262.4469
1435.13,1262.0691
1434.6013,1261.1304
1434.6013,1260.9924
1433.3308,1260.0995
1433.3308,1260.0223
1432.9833,1259.648
1432.9833,1259.3971
1432.677,1259.1056
1432.677,1258.6123
1432.4053,1258.5176
1432.4053,1258.1683
1431.5259,1257.791
1431.5259,1257.6564
1430.6226,1257.6542
1430.6226,1257.1589
1429.7896,1257.0145
1429.7896,1256.7164
1429.0194,1256.5048
1429.0194,1256.3154
1428.1746,1256.2222
1428.1746,1256.1968
1427.3724,1255.8538
1427.3724,1255.8463
1426.6104,1255.5563
1426.6104,1255.5576
1426.098,1255.416
1426.098,1255.0305
1425.2354,1255.2032
1425.2354,1255.0599
1424.2366,1254.7511
1424.2366,1254.9614
1423.5717,1254.6996
1423.5717,1254.7937
1422.3969,1254.4363
1422.3969,1254.1757
1421.5161,1254.1017
1421.5161,1253.9869
1420.6039,1253.7313
1420.6039,1253.8219
1419.4343,1253.5153
1419.4343,1253.4714
1418.1967,1253.2756
1418.1967,1253.3667
1416.8861,1253.0248
1416.8861,1252.7649
1415.4976,1252.3427
1415.4976,1252.5724
1413.704,1252.4607
1413.704,1252.0759
1411.7568,1251.725
1411.7568,1251.7406
1410.2373,1251.406
1410.2373,1251.3613
1408.5625,1250.7255
1408.5625,1250.8165
1406.7107,1250.755
1406.7107,1250.522
1405.3192,1250.0227
1405.3192,1249.8708
1403.7433,1249.5059
1403.7433,1249.466
1401.9464,1249.2627
1401.9464,1248.8961
1400.6519,1248.6387
1400.6519,1248.3341
1399.937,1247.9415
1399.937,1247.7727
1399.1072,1247.4868
1399.1072,1247.2169
1398.1323,1247.3125
1398.1323,1246.6206
1398.0502,1247.1417
1398.0502,1246.3718
1397.9551,1246.171
1397.9551,1246.4327
1397.8438,1246.0648
1397.8438,1245.8816
1399.0265,1245.9352
1399.0265,1245.7831
1401.9547,1245.6593
1401.9547,1245.5083
1406.8497,1245.4526
1406.8497,1245.8549
1411.1301,1246.1742
1411.1301,1245.7062
1419.711,1246.6338
1419.711,1246.8932
1427.4963,1247.6725
1427.4963,1247.7372
1437.3169,1248.9498
1437.3169,1249.2665
1444.1696,1250.5719
1444.1696,1251.1782
1449.9059,1252.7999
1449.9059,1253.2986
1454.6115,1254.5105
1454.6115,1254.9965
1456.8907,1256.111
1456.8907,1256.506
1458.2556,1257.8328
1458.2556,1258.4015
1458.5709,1258.8829
1458.5709,1259.601
1459.5879,1260.0652
1459.5879,1260.3376
1461.4458,1260.8955
1461.4458,1261.09
1462.6295,1261.7161
1462.6295,1262.0619
1463.1702,1262.7417
1463.1702,1262.9324
1465.2245,1263.0587
1465.2245,1263.5573
1467.2117,1263.84
1467.2117,1264.0392
1469.1305,1264.6996
1469.1305,1264.9879
1471.6248,1265.2559
1471.6248,1265.5868
1474.1134,1265.8894
1474.1134,1266.0116
1477.3419,1266.5894
1477.3419,1266.5145
1479.8295,1267.2378
1479.8295,1267.3612
1483.1339,1267.7139
1483.1339,1267.9219
1486.4797,1268.4808
1486.4797,1268.5227
1490.8336,1269.4259
1490.8336,1269.5642
1495.2985,1270.0112
1495.2985,1270.3071
1499.8228,1270.7593
1499.8228,1271.1136
1504.351,1272.2325
1504.351,1272.3473
1509.6544,1272.8566
1509.6544,1273.3164
1512.5391,1273.9697
1512.5391,1274.3702
1516.4083,1275.3687
1516.4083,1275.3857
1519.0623,1276.1603
1519.0623,1276.5614
1521.7644,1277.259
1521.7644,1277.471
1524.504,1278.0828
1524.504,1278.4236
1525.7968,1278.9115
1525.7968,1279.0518
1525.7053,1279.7037
1525.7053,1279.8635
1527.0205,1280.284
1527.0205,1280.5503
1526.8784,1280.8237
1526.8784,1281.2927
1528.3878,1281.5188
1528.3878,1281.621
1526.5493,1281.8445
1526.5493,1281.8759
1526.3574,1281.9948
1526.3574,1282.3223
1524.1924,1282.2208
1524.1924,1282.3423
1521.7755,1282.5994
1521.7755,1282.4891
1519.0704,1282.2928
1519.0704,1282.2997
1514.3442,1281.8192
1514.3442,1282.2262
1508.815,1281.5885
1508.815,1281.633
1501.7527,1280.8901
1501.7527,1281.0898
1495.0471,1280.2302
1495.0471,1280.12
1488.838,1279.1191
1488.838,1278.9528
1483.2004,1277.8578
1483.2004,1277.5829
1479.4039,1276.6256
1479.4039,1276.2463
1476.3092,1275.2593
1476.3092,1274.87
1473.8148,1274.3525
1473.8148,1273.8804
1471.7687,1273.1843
1471.7687,1272.8274
1470.064,1272.2006
1470.064,1271.7595
1468.9331,1271.2189
1468.9331,1271.0924
1467.7094,1270.463
1467.7094,1270.0968
1466.2211,1269.5161
1466.2211,1269.3734
1464.2637,1269.1006
1464.2637,1268.7517
1462.5638,1268.3939
1462.5638,1268.317
1461.0764,1267.6177
1461.0764,1267.6146
1459.7656,1267.2263
1459.7656,1266.791
1458.2557,1266.395
1458.2557,1266.4999
1456.6782,1266.0133
1456.6782,1265.92
1454.8964,1265.5842
1454.8964,1265.472
1453.905,1265.0787
1453.905,1264.7397
1452.8364,1264.3916
1452.8364,1264.4037
1451.4778,1264.2349
1451.4778,1263.9607
1450.6661,1263.7007
1450.6661,1263.485
1449.5227,1263.2472
1449.5227,1263.1868
1448.4161,1262.8712
1448.4161,1262.898
1447.3452,1262.7715
1447.3452,1262.6542
1446.3677,1262.2462
1446.3677,1262.1404
1445.4547,1262.1931
1445.4547,1261.7277
1444.0426,1261.551
1444.0426,1261.2665
1443.1614,1261.41
1443.1614,1260.9606
1441.319,1260.7594
1441.319,1260.6575
1439.9344,1260.4941
1439.9344,1260.3561
1437.5845,1260.334
1437.5845,1260.001
1435.6694,1259.9667
1435.6694,1259.6097
1433.254,1259.3953
1433.254,1259.1963
1431.2031,1258.8716
1431.2031,1258.5248
1428.7242,1258.2317
1428.7242,1258.0438
1426.5792,1257.6298
1426.5792,1257.4922
1423.9089,1256.9375
1423.9089,1256.7948
1421.6715,1256.3054
1421.6715,1256.2046
1419.1897,1255.7966
1419.1897,1255.6666
1416.8611,1254.9138
1416.8611,1254.797
1414.7183,1254.1237
1414.7183,1253.8931
1412.5016,1253.4288
1412.5016,1253.2065
1410.2144,1252.8704
1410.2144,1252.5581
1408.3228,1251.8387
1408.3228,1251.8936
1406.4678,1251.3245
1406.4678,1251.2201
1404.4075,1250.3539
1404.4075,1250.31
1402.7413,1249.6628
1402.7413,1249.701
1400.5574,1249.2598
1400.5574,1248.9915
1399.1791,1248.3789
1399.1791,1248.121
1397.6927,1247.9535
1397.6927,1247.4692
1396.0607,1247.2261
1396.0607,1246.9248
1394.2633,1246.744
1394.2633,1246.3445
1392.7916,1246.0983
1392.7916,1245.7922
1391.8297,1245.4111
1391.8297,1245.2903
1390.5624,1244.9016
1390.5624,1244.5182
1390.1407,1244.6014
1390.1407,1244.5073
1390.2944,1243.7853
1390.2944,1243.6078
1390.4694,1243.5941
1390.4694,1243.4236
1391.6334,1243.4161
1391.6334,1243.2668
1392.9396,1243.2032
1392.9396,1243.1694
1394.4138,1243.1482
1394.4138,1243.2677
1396.1967,1243.1577
1396.1967,1243.1677
1398.0927,1243.4271
1398.0927,1243.4725
1400.1083,1243.7599
1400.1083,1243.9305
1403.2198,1244.2582
1403.2198,1244.1029
1405.2445,1244.3132
1405.2445,1244.5138
1406.3711,1245.0614
1406.3711,1245.424
1408.3739,1245.8156
1408.3739,1245.7235
1410.3333,1246.2358
1410.3333,1246.0403
1412.246,1246.7697
1412.246,1247.0015
1413.4309,1247.2056
1413.4309,1247.6207
1415.2972,1247.8557
1415.2972,1247.8961
1416.5186,1248.6704
1416.5186,1248.4427
1418.2294,1249.261
1418.2294,1249.1755
1420.3649,1249.6304
1420.3649,1249.7902
1421.255,1249.8567
1421.255,1250.4911
1423.1163,1250.7944
1423.1163,1250.9319
1425.8718,1251.106
1425.8718,1251.1477
1427.7017,1251.915
1427.7017,1251.7452
1430.2754,1252.5413
1430.2754,1252.4946
1432.459,1252.9266
1432.459,1253.3274
1434.6013,1253.7323
1434.6013,1254.0127
1436.5388,1254.4595
1436.5388,1254.5573
1439.0917,1254.832
1439.0917,1255.2865
1441.4341,1255.565
1441.4341,1255.8223
1443.6304,1256.0929
1443.6304,1256.607
1445.6877,1256.8547
1445.6877,1257.1553
1448.4247,1257.9972
1448.4247,1257.7711
1451.047,1258.4176
1451.047,1258.593
1453.7378,1259.0032
1453.7378,1259.5425
1456.3684,1260.192
1456.3684,1260.1987
1459.1843,1260.8044
1459.1843,1260.7517
1461.3588,1261.385
1461.3588,1261.6473
1464.1493,1262.3806
1464.1493,1262.4176
1466.3042,1262.7494
1466.3042,1262.8704
1468.4445,1263.6478
1468.4445,1263.9834
1470.3816,1264.4884
1470.3816,1264.6118
1472.3646,1265.2977
1472.3646,1265.4177
1474.3901,1265.6959
1474.3901,1265.7448
1475.89,1266.1726
1475.89,1266.6191
1476.8678,1266.9816
1476.8678,1267.3204
1479.0009,1267.5793
1479.0009,1267.6066
1480.0918,1267.9939
1480.0918,1268.1155
1481.273,1268.8268
1481.273,1268.6836
1483.8127,1269.0902
1483.8127,1269.306
1485.281,1269.6188
1485.281,1269.5261
1487.6802,1270.1183
1487.6802,1270.4039
1489.5287,1270.5797
1489.5287,1270.6304
1491.8796,1271.1512
1491.8796,1271.3757
1495.2985,1271.9171
1495.2985,1271.9038
1497.3875,1272.3529
1497.3875,1272.5088
1499.8162,1272.9703
1499.8162,1273.181
1501.9972,1273.5461
1501.9972,1273.7733
1505.3856,1273.9922
1505.3856,1274.2548
1506.9065,1274.6176
1506.9065,1274.9115
1509.5111,1275.3961
1509.5111,1275.6106
1509.592,1276.0902
1509.592,1276.2234
1509.6954,1276.6274
1509.6954,1276.7827
1509.8319,1276.8984
1509.8319,1277.0662
1510.0204,1277.3204
1510.0204,1277.4061
1507.411,1277.4363
1507.411,1277.5421
1502.0331,1278.0579
1502.0331,1277.8411
1488.6079,1277.6304
1488.6079,1278.0441
1475.9211,1277.3757
1475.9211,1277.2175
1457.1786,1275.7965
1457.1786,1275.4739
1444.247,1273.8241
1444.247,1273.4587
1435.306,1270.734
1435.306,1270.2515
1429.7544,1267.9412
1429.7544,1267.1837
1425.3734,1265.4154
1425.3734,1264.9282
1422.8792,1263.3252
1422.8792,1262.6672
1420.2817,1261.2908
1420.2817,1260.7255
1418.1798,1260.1216
1418.1798,1259.2533
1415.6133,1258.4915
1415.6133,1257.817
1413.3331,1256.7477
1413.3331,1256.4974
1410.379,1255.493
1410.379,1255.2457
1408.9633,1254.2402
1408.9633,1253.4443
1406.2542,1253.1418
1406.2542,1252.2498
1402.6263,1251.6531
1402.6263,1251.2898
1397.8438,1250.5867
1397.8438,1250.2278
1397.8438,1249.1145
1394.0757,1249.0354
1394.0757,1248.1465
1390.11,1247.6724
1390.11,1247.1586
1384.9917,1246.7784
1379.9513,1246.1755
1379.9513,1245.2946
1379.9513,1245.1945
1375.4899,1244.2509
1369.6583,1242.9089
1369.6583,1242.4459
1369.6583,1242.1478
1365.512,1241.3705
1361.1923,1240.0013
1361.1923,1239.7721
1361.1923,1239.0953
1356.74,1238.1862
1356.74,1236.9795
1354.6378,1236.6448
1354.6378,1236.0983
1352.2828,1235.095
1352.2828,1234.6648
1349.9172,1233.5953
1349.9172,1233.5706
1349.9141,1232.5251
1349.9106,1232.0176
1349.9106,1231.3984
1349.9106,1231.0828
1349.907,1230.4011
1349.907,1230.4918
1352.7754,1230.3293
1352.7754,1229.499
1355.8867,1229.2885
1355.8867,1229.2925
1358.8412,1229.5027
1358.8412,1229.632
1362.2882,1229.8683
1362.2882,1229.569
1368.9795,1229.7362
1368.9795,1230.1423
1375.7903,1230.5186
1375.7903,1231.0967
1382.5317,1231.973
1382.5317,1232.0925
1391.2917,1233.3052
1391.2917,1233.6335
1398.9532,1234.8679
1398.9532,1235.3269
1405.4883,1237.1533
1405.4883,1237.9368
1410.411,1239.319
1410.411,1239.6816
1414.871,1241.2463
1414.871,1241.818
1419.3085,1243.0513
1419.3085,1243.5918
1422.8884,1245.0096
1422.8884,1245.5101
1425.8162,1246.5918
1425.8162,1247.0684
1428.243,1248.1454
1428.243,1248.7244
1431.509,1249.6217
1431.509,1250.2087
1434.0753,1250.5665
1434.0753,1251.4061
1436.219,1252.383
1436.219,1252.699
1439.012,1253.346
1439.012,1253.8296
1441.5298,1254.6779
1441.5298,1254.9254
1443.864,1255.488
1443.864,1255.9027
1446.136,1256.4005
1446.136,1256.9808
1448.3188,1257.4159
1448.3188,1257.7354
1450.4115,1258.1438
1450.4115,1258.4664
1452.5994,1259.2343
1452.5994,1259.1272
1454.971,1259.9696
1454.971,1259.8312
1456.401,1260.3353
1456.401,1261.0739
1458.0751,1261.1133
1458.0751,1261.3867
1459.7701,1261.5369
1459.7701,1261.725
1461.4839,1262.1161
1461.4839,1262.7109
1462.8574,1262.7837
1462.8574,1263.3956
1463.9255,1263.7103
1463.9255,1263.8273
1464.68,1263.9803
1464.68,1264.0702
1466.2211,1264.6464
1466.2211,1264.6464
1467.0885,1264.7273
1467.0885,1265.1934
1467.2352,1265.2389
1467.2352,1265.4138
1468.1989,1265.6656
1468.1989,1265.7294
1468.9331,1266.0669
1468.9331,1266.0323
1469.182,1266.1497
1469.182,1266.3912
1468.5322,1266.6892
1468.5322,1266.7643
1468.7883,1266.5535
1468.7883,1267.0068
1468.0405,1267.0336
1468.0405,1266.9271
1465.435,1267.1626
1465.435,1267.2892
1463.7456,1267.0399
1463.7456,1266.9216
1461.9078,1266.789
1461.9078,1266.7081
1458.0603,1266.5986
1458.0603,1266.4965
1454.445,1266.0934
1454.445,1266.0208
1449.8671,1265.6897
1449.8671,1265.241
1445.5892,1264.8815
1445.5892,1264.4917
1439.8014,1264.0353
1439.8014,1263.8374
1435.6986,1263.0409
1435.6986,1262.875
1432.0692,1261.8121
1432.0692,1261.6443
1430.0493,1260.5398
1430.0493,1260.6517
1427.1207,1259.7476
1427.1207,1259.7053
1424.8446,1258.6038
1424.8446,1258.4946
1423.8368,1257.7736
1423.8368,1257.4246
1422.956,1256.9275
1422.956,1256.7207
1422.1802,1256.3115
1422.1802,1255.9847
1421.4916,1255.6436
1421.4916,1255.4075
1421.6145,1255.165
1421.6145,1254.8282
1421.726,1254.951
1421.726,1254.5348
1422.5051,1254.0824
1422.5051,1253.7792
1423.2225,1253.623
1423.2225,1253.8274
1423.8849,1253.6279
1423.8849,1253.5085
1425.1112,1253.7827
1425.1112,1253.4768
1426.084,1253.7339
1426.084,1253.5273
1427.0153,1253.792
1427.0153,1253.5533
1428.491,1253.5864
1428.491,1253.8861
1429.7896,1254.2683
1429.7896,1253.9794
1431.1719,1254.3112
1431.1719,1254.4573
1432.3231,1254.5814
1432.3231,1254.634
1434.1307,1254.937
1434.1307,1254.9576
1435.2825,1255.1642
1435.2825,1255.123
1436.9814,1255.6174
1436.9814,1255.7368
1438.7268,1255.8145
1438.7268,1256.0988
1439.9153,1256.4673
1439.9153,1256.3737
1441.7422,1256.722
1441.7422,1257.1293
1443.6567,1257.4783
1443.6567,1257.4172
1445.0262,1257.7949
1445.0262,1257.7404
1446.5493,1258.413
1446.5493,1258.5073
1448.0782,1258.7502
1448.0782,1258.7958
1449.8198,1259.345
1449.8198,1259.184
1451.5289,1259.4775
1451.5289,1259.795
1452.79,1260.3026
1452.79,1260.2225
1453.3971,1260.5026
1453.3971,1260.7576
1454.0636,1260.9806
1454.0636,1261.321
1454.7983,1261.3798
1454.7983,1261.2896
1455.612,1261.7428
1455.612,1261.9644
1455.587,1261.9231
1455.587,1262.0984
1455.5587,1262.5658
1455.5587,1262.8112
1455.5266,1262.4414
1455.5266,1262.7224
1454.0006,1263.002
1454.0006,1263.0437
1452.6078,1262.8784
1452.6078,1262.9083
1450.6589,1262.9297
1450.6589,1263.0154
1447.0247,1262.6691
1447.0247,1262.612
1442.7811,1262.6359
1442.7811,1262.4225
1438.2395,1262.0099
1438.2395,1262.0653
1433.43,1261.2064
1433.43,1261.0846
1428.7664,1260.1731
1428.7664,1260.1573
1422.7832,1259.3495
1422.7832,1259.3008
1418.5295,1258.0961
1418.5295,1258.0433
1415.2104,1256.8954
1415.2104,1256.6307
1412.9456,1255.7659
1412.9456,1255.7308
1410.3162,1254.6669
1410.3162,1254.5367
1408.6554,1253.8102
1408.6554,1253.4452
1409.6764,1252.4805
1409.6764,1252.144
1409.1173,1251.8456
1409.1173,1251.4116
1410.0009,1251.1506
1410.0009,1251.1168
1411.5768,1250.6409
1411.5768,1250.2955
1413.0073,1250.3688
1413.0073,1249.9789
1414.3102,1250.5198
1414.3102,1250.2191
1415.1154,1250.2875
1415.1154,1250.2845
1416.5876,1250.222
1416.5876,1250.2578
1417.2881,1250.4446
1417.2881,1250.5514
1418.6372,1250.6396
1418.6372,1250.6101
1419.6323,1250.6675
1419.6323,1250.8516
1421.298,1251.0421
1421.298,1251.0045
1421.9929,1251.0747
1421.9929,1251.1064
1423.3994,1251.5084
1423.3994,1251.7979
1424.8265,1251.8729
1424.8265,1252.0348
1426.8044,1252.1882
1426.8044,1252.6575
1429.0526,1252.9452
1429.0526,1252.8405
1431.1975,1253.1046
1431.1975,1253.5989
1433.3308,1254.0719
1433.3308,1254.2054
1435.7058,1254.4476
