True Value,Predicted Value
2190.0,2201.9717
2195.0,2203.3274
2215.0,2207.6692
2223.0,2210.0325
2267.0,2216.3945
2268.0,2221.909
2283.0,2234.2668
2284.0,2246.9006
2300.0,2277.0938
2309.0,2300.856
2325.0,2323.2727
2331.0,2336.0203
2349.0,2350.1997
2334.0,2360.6353
2352.0,2371.277
2356.0,2379.4023
2377.0,2391.54
2388.0,2388.2886
2409.0,2389.2715
2414.0,2388.8552
2438.0,2397.2417
2440.0,2407.6782
2458.0,2424.0383
2456.0,2435.7043
2470.0,2453.1477
2471.0,2465.044
2475.0,2479.5176
2477.0,2486.2256
2485.0,2495.019
2483.0,2500.2878
2483.0,2502.388
2477.0,2501.4517
2485.0,2501.8835
2477.0,2497.7793
2481.0,2492.285
2474.0,2482.9243
2472.0,2475.945
2462.0,2466.5466
2463.0,2459.5044
2415.0,2450.1365
2404.0,2442.3806
2385.0,2432.226
2383.0,2424.665
2373.0,2400.3916
2374.0,2376.5374
2357.0,2352.6267
2362.0,2335.3813
2346.0,2321.237
2350.0,2313.4792
2331.0,2303.5015
2330.0,2300.0872
2317.0,2295.1995
2312.0,2293.8076
2287.0,2287.027
2293.0,2282.1729
2275.0,2275.0222
2271.0,2268.4092
2252.0,2254.405
2245.0,2248.5215
2206.0,2239.1372
2202.0,2231.9163
2184.0,2220.709
2187.0,2211.6123
2170.0,2188.048
2170.0,2169.4377
2156.0,2151.2642
2159.0,2144.0303
2144.0,2134.1208
2144.0,2128.5608
2134.0,2122.5383
2134.0,2120.525
2122.0,2113.8052
2122.0,2110.9531
2105.0,2106.644
2109.0,2105.3452
2099.0,2100.9463
2107.0,2098.7803
2093.0,2091.4434
2096.0,2089.5088
2087.0,2086.4128
2095.0,2089.2683
2083.0,2086.211
2091.0,2086.7363
2089.0,2083.1328
2096.0,2084.8677
2092.0,2082.7976
2105.0,2084.3745
2105.0,2086.7842
2115.0,2094.2825
2113.0,2098.7847
2126.0,2109.3503
2128.0,2118.8132
2142.0,2130.752
2142.0,2139.6938
2156.0,2152.032
2154.0,2161.0076
2171.0,2174.2688
2169.0,2182.8494
2179.0,2194.3413
2174.0,2198.744
2193.0,2207.2642
2197.0,2209.8162
2221.0,2214.1096
2236.0,2211.9814
2264.0,2217.8792
2268.0,2221.6245
2283.0,2236.0178
2291.0,2253.8745
2312.0,2281.2576
2306.0,2301.6116
2320.0,2321.8694
2327.0,2337.2834
2343.0,2354.9104
2350.0,2362.411
2358.0,2370.0103
2351.0,2374.1565
2367.0,2381.7217
2366.0,2388.7346
2384.0,2394.8623
2383.0,2391.3718
2393.0,2393.1133
2409.0,2392.0444
2420.0,2397.6797
2418.0,2398.652
2429.0,2402.3477
2427.0,2410.464
2444.0,2421.2058
2438.0,2426.5234
2443.0,2433.913
2445.0,2435.284
2449.0,2442.9077
2446.0,2444.3655
2453.0,2444.8982
2445.0,2444.027
2456.0,2443.635
2453.0,2439.5261
2458.0,2437.8015
2446.0,2432.4526
2448.0,2430.9165
2399.0,2426.8518
2407.0,2425.1948
2421.0,2418.8923
2422.0,2413.947
2406.0,2389.2869
2407.0,2372.3923
2393.0,2367.9795
2383.0,2366.8206
2363.0,2360.9014
2365.0,2356.6802
2344.0,2348.488
2337.0,2338.8958
2319.0,2324.3147
2314.0,2314.6873
2297.0,2301.4116
2293.0,2289.6736
2269.0,2275.3806
2270.0,2265.902
2254.0,2253.665
2243.0,2245.263
2200.0,2231.0867
2202.0,2222.762
2183.0,2213.3926
2184.0,2203.1462
2168.0,2180.4602
2169.0,2164.9065
2156.0,2149.7498
2159.0,2141.7048
2147.0,2132.5923
2143.0,2129.2742
2135.0,2123.8513
2132.0,2121.92
2116.0,2117.6504
2120.0,2113.6333
2107.0,2108.7383
2106.0,2106.0889
2082.0,2097.7256
2072.0,2095.0244
2034.0,2088.4714
2043.0,2084.6062
2019.0,2073.0737
2023.0,2060.8982
2009.0,2034.394
2010.0,2018.4927
1991.0,1997.5052
1988.0,1985.1135
1974.0,1973.5936
1968.0,1967.2749
1955.0,1957.4038
1937.0,1951.398
1911.0,1943.7465
1897.0,1936.9849
1878.0,1928.3966
1883.0,1916.9772
1866.0,1900.6923
1872.0,1884.9788
1858.0,1867.4585
1864.0,1857.6548
1849.0,1846.3798
1846.0,1840.9219
1831.0,1834.6279
1838.0,1832.0729
1815.0,1828.0978
1817.0,1824.4684
1807.0,1818.2496
1808.0,1815.7404
1796.0,1808.7361
1798.0,1804.3593
1784.0,1799.8832
1793.0,1797.1832
1784.0,1793.7332
1790.0,1792.9706
1780.0,1790.2296
1788.0,1791.3378
1780.0,1792.008
1790.0,1794.5424
1783.0,1795.1913
1794.0,1798.0759
1798.0,1799.0757
1801.0,1802.2606
1802.0,1803.9629
1811.0,1807.9482
1811.0,1813.5023
1828.0,1819.1244
1827.0,1825.3605
1844.0,1833.0623
1845.0,1839.8676
1855.0,1849.8734
1850.0,1858.8109
1865.0,1870.4225
1864.0,1880.4718
1878.0,1891.4838
1879.0,1899.985
1897.0,1909.5499
1901.0,1917.5006
1934.0,1926.4476
1953.0,1934.092
1970.0,1944.5333
1970.0,1953.202
1992.0,1968.8431
1997.0,1986.7838
2018.0,2005.1843
2023.0,2020.0557
2041.0,2036.3093
2044.0,2049.5676
2069.0,2064.4507
2070.0,2076.513
2095.0,2089.184
2096.0,2099.0137
2108.0,2112.703
2109.0,2121.4954
2126.0,2134.316
2134.0,2142.607
2154.0,2150.4297
2149.0,2153.87
2153.0,2159.215
2149.0,2164.0383
2160.0,2173.6204
2148.0,2177.6162
2162.0,2178.23
2154.0,2173.1802
2142.0,2171.7168
2130.0,2163.1912
2169.0,2161.0002
2154.0,2155.3638
2155.0,2142.4382
2145.0,2124.0867
2150.0,2129.4287
2150.0,2130.4453
2152.0,2131.8533
2143.0,2128.8127
2146.0,2130.515
2139.0,2133.2441
2129.0,2137.106
2063.0,2136.382
2066.0,2138.1846
2055.0,2136.4375
2056.0,2130.3726
2044.0,2091.5327
2045.0,2057.4705
2027.0,2028.6022
2029.0,2011.1622
2014.0,1996.9153
2016.0,1990.8746
2003.0,1983.2045
1991.0,1979.912
1974.0,1973.2526
1969.0,1972.2515
1956.0,1968.1132
1941.0,1961.8514
1916.0,1952.1093
1898.0,1943.8856
1881.0,1934.3038
1874.0,1923.9279
1867.0,1909.2976
1871.0,1892.6094
1859.0,1875.4701
1860.0,1861.236
1844.0,1849.8274
1847.0,1843.5566
1828.0,1836.545
1835.0,1831.8676
1819.0,1825.4999
1813.0,1821.6945
1797.0,1814.4548
1803.0,1811.0771
1793.0,1805.6866
1793.0,1800.9
1783.0,1794.1053
1790.0,1790.7498
1780.0,1787.5698
1781.0,1786.4242
1780.0,1784.4945
1786.0,1785.6815
1781.0,1785.6409
1789.0,1787.0414
1785.0,1789.0447
1794.0,1793.1333
1789.0,1795.6736
1804.0,1800.3396
1801.0,1803.8049
1813.0,1809.3789
1807.0,1812.6703
1819.0,1819.4486
1827.0,1826.0289
1844.0,1834.9785
1843.0,1840.764
1856.0,1848.6145
1851.0,1857.5452
1861.0,1869.792
1862.0,1880.1891
1877.0,1891.3281
1873.0,1900.0056
1896.0,1908.7367
1899.0,1915.5146
1943.0,1924.5033
1954.0,1930.9294
1972.0,1940.9045
1971.0,1950.553
1986.0,1968.7635
1995.0,1987.377
2012.0,2006.9918
2015.0,2022.2244
2033.0,2036.7239
2018.0,2048.84
2037.0,2062.1577
2053.0,2071.5251
2068.0,2082.571
2072.0,2085.442
2100.0,2090.1282
2105.0,2096.8247
2124.0,2106.6255
2127.0,2114.1743
2147.0,2128.0342
2144.0,2139.3262
2161.0,2152.7588
2158.0,2162.754
2169.0,2175.6013
2166.0,2181.4912
2179.0,2189.2563
2169.0,2191.1724
2179.0,2193.9153
2166.0,2191.6475
2178.0,2192.3726
2167.0,2186.2917
2179.0,2181.5906
2167.0,2170.7175
2168.0,2167.9116
2163.0,2159.7153
2152.0,2157.4304
2106.0,2151.243
2107.0,2147.3982
2082.0,2142.19
2083.0,2134.5254
2067.0,2104.0352
2071.0,2079.14
2055.0,2051.4915
2056.0,2033.4207
2041.0,2016.1764
2043.0,2009.4851
2031.0,2001.4541
2033.0,1999.7703
2015.0,1994.5684
2010.0,1994.4275
1987.0,1991.3579
1989.0,1991.3335
1968.0,1986.323
1973.0,1981.8657
1958.0,1971.4159
1947.0,1965.557
1914.0,1954.2661
1900.0,1948.9805
1882.0,1941.7963
1878.0,1934.3445
1865.0,1917.0687
1866.0,1899.1887
1850.0,1880.7655
1855.0,1866.8495
1839.0,1853.6567
1843.0,1844.1718
1830.0,1833.6206
1832.0,1827.7845
1814.0,1819.9379
1817.0,1815.4918
1801.0,1810.138
1807.0,1807.1416
1794.0,1801.3661
1799.0,1798.1855
1783.0,1793.6229
1787.0,1792.039
1778.0,1789.3185
1786.0,1789.6848
1776.0,1787.4592
1782.0,1787.9501
1779.0,1788.0983
1785.0,1790.3524
1778.0,1791.3353
1799.0,1794.355
1785.0,1796.4333
1799.0,1799.808
1800.0,1801.0062
1817.0,1807.7627
1810.0,1811.289
1831.0,1817.1636
1829.0,1823.265
1842.0,1832.328
1844.0,1838.9882
1858.0,1849.9073
1853.0,1859.264
1862.0,1870.7042
1866.0,1881.0415
1874.0,1893.4401
1879.0,1902.0417
1900.0,1911.1418
1910.0,1919.2465
1943.0,1927.6149
1955.0,1935.43
1970.0,1945.9264
1974.0,1956.6726
1999.0,1973.7515
1999.0,1991.7163
2005.0,2009.7246
2013.0,2024.6842
2026.0,2042.1582
2033.0,2054.4834
2048.0,2064.4507
2040.0,2071.9302
2056.0,2080.638
2055.0,2087.316
2072.0,2095.1384
2070.0,2096.5095
2081.0,2100.7825
2078.0,2101.3618
2105.0,2105.5967
2105.0,2106.8782
2118.0,2111.1582
2119.0,2110.5815
2128.0,2118.836
2125.0,2125.145
2133.0,2134.8872
2134.0,2141.8582
2141.0,2149.1174
2136.0,2151.2708
2148.0,2154.6426
2135.0,2154.8477
2152.0,2157.5103
2145.0,2155.0913
2149.0,2156.7588
2137.0,2149.6333
2147.0,2151.6501
2115.0,2149.9565
2101.0,2149.3193
2103.0,2142.2617
2122.0,2139.9832
2107.0,2121.8193
2100.0,2099.2646
2093.0,2082.2002
2084.0,2082.0972
2060.0,2079.044
2068.0,2075.1184
2048.0,2069.9553
2040.0,2063.281
2017.0,2047.5686
2012.0,2040.5656
1992.0,2029.1233
1994.0,2017.2849
1969.0,2000.7327
1972.0,1986.8094
1951.0,1971.0092
1950.0,1961.0082
1915.0,1946.4305
1898.0,1937.8925
1881.0,1926.2095
1876.0,1918.5151
1863.0,1901.6688
1865.0,1883.2001
1852.0,1866.4183
1861.0,1853.5276
1844.0,1840.0656
1843.0,1832.3058
1832.0,1824.2787
1832.0,1821.8383
1815.0,1816.7407
1816.0,1812.6731
1801.0,1808.5006
1800.0,1806.1218
1793.0,1801.1364
1797.0,1797.9211
1780.0,1793.5294
1788.0,1790.499
1776.0,1788.0862
1780.0,1787.9342
1774.0,1784.9596
1780.0,1786.0569
1780.0,1785.5083
1787.0,1786.9597
1781.0,1787.4834
1790.0,1790.1315
1786.0,1793.7441
1804.0,1798.1757
1800.0,1800.4739
1814.0,1805.5431
1814.0,1808.9397
1834.0,1816.3096
1829.0,1823.0421
1849.0,1831.9727
1845.0,1840.3085
1859.0,1852.724
1861.0,1861.9382
1871.0,1874.3992
1866.0,1884.6155
1877.0,1896.3298
1882.0,1906.2911
1906.0,1916.7373
1909.0,1923.8198
1943.0,1931.5594
1952.0,1938.5267
1969.0,1949.8252
1975.0,1959.9297
1992.0,1976.0392
2004.0,1991.9204
2014.0,2008.6146
2007.0,2023.0
2023.0,2037.6184
2031.0,2051.957
2039.0,2064.124
2042.0,2070.5144
2054.0,2078.1477
2060.0,2085.0217
2073.0,2090.8672
2077.0,2094.197
2104.0,2099.0715
2107.0,2102.9478
2120.0,2108.5488
2092.0,2112.598
2122.0,2124.365
2141.0,2133.9976
2153.0,2144.5625
2151.0,2139.4985
2163.0,2144.015
2157.0,2154.3274
2175.0,2168.5408
2172.0,2175.65
2177.0,2185.0862
2163.0,2185.9138
2180.0,2191.225
2170.0,2191.7922
2179.0,2191.8457
2167.0,2182.1462
2183.0,2180.3218
2163.0,2174.108
2160.0,2172.9363
2139.0,2165.8403
2140.0,2167.0332
2121.0,2158.6064
2122.0,2149.3474
2105.0,2130.9448
2099.0,2116.21
2078.0,2098.3682
2068.0,2085.549
2047.0,2070.5366
2044.0,2059.0852
2021.0,2042.5378
2018.0,2028.7523
1992.0,2009.9878
1990.0,1997.681
1974.0,1981.5349
1973.0,1970.3567
1958.0,1954.3627
1953.0,1943.5759
1923.0,1931.195
1899.0,1924.8597
1870.0,1916.7894
1880.0,1910.8988
1864.0,1897.2677
1865.0,1880.0586
1858.0,1857.6415
1863.0,1845.1028
1847.0,1833.5969
1845.0,1826.6895
1829.0,1821.508
1834.0,1819.8085
1813.0,1815.9691
1819.0,1812.9182
1799.0,1807.575
1802.0,1805.7395
1793.0,1800.1312
1799.0,1798.156
1785.0,1792.6897
1792.0,1790.0792
1783.0,1787.5029
1793.0,1787.669
1783.0,1786.3672
1788.0,1787.8569
1783.0,1788.9187
1791.0,1793.2386
1787.0,1796.0736
1803.0,1800.0314
1797.0,1802.3171
1811.0,1806.2062
1804.0,1808.9176
1818.0,1815.205
1812.0,1820.2101
1835.0,1828.3231
1833.0,1833.9604
1846.0,1841.7626
1850.0,1847.7032
1858.0,1857.8909
1859.0,1866.9443
1868.0,1877.3715
1864.0,1887.4688
1881.0,1898.0962
1881.0,1907.1847
1896.0,1915.9729
1909.0,1922.1294
1945.0,1930.3849
1955.0,1937.1694
1972.0,1945.5687
1972.0,1955.6644
1987.0,1973.3713
1988.0,1991.4142
2009.0,2009.8843
2012.0,2024.0139
2038.0,2037.1935
2040.0,2046.884
2060.0,2058.5552
2072.0,2067.2227
2085.0,2080.4119
2093.0,2090.7727
2110.0,2103.6877
2111.0,2115.7632
2134.0,2128.4207
2145.0,2138.156
2167.0,2149.148
2167.0,2155.2578
2186.0,2165.8306
2172.0,2175.7136
2188.0,2190.1042
2185.0,2199.0857
2192.0,2210.9834
2188.0,2210.5186
2196.0,2211.1597
2191.0,2207.7952
2198.0,2205.035
2189.0,2197.3223
2184.0,2193.549
2172.0,2186.808
2177.0,2184.999
2162.0,2178.3203
2167.0,2169.7668
2150.0,2155.6187
2154.0,2147.7627
2134.0,2135.9583
2130.0,2129.2246
2106.0,2119.0242
2106.0,2115.0852
2081.0,2104.5308
2070.0,2096.1914
2034.0,2079.4062
2043.0,2069.6353
2023.0,2051.4207
2020.0,2034.4883
2007.0,2007.4333
2010.0,1992.672
1994.0,1976.8276
1985.0,1968.0607
1970.0,1959.0524
1970.0,1956.4956
1951.0,1950.1484
1942.0,1943.3517
1914.0,1933.7786
1903.0,1929.1051
1878.0,1920.2019
1882.0,1912.4982
1869.0,1898.0886
1871.0,1884.322
1861.0,1867.3541
1861.0,1857.2206
1849.0,1847.568
1849.0,1841.528
1834.0,1835.6013
1837.0,1832.1416
1816.0,1827.6406
1821.0,1824.94
1810.0,1819.9862
1813.0,1817.2555
1796.0,1810.7219
1800.0,1807.0571
1785.0,1803.4023
1798.0,1801.5365
1785.0,1797.7191
1791.0,1796.2333
1781.0,1793.2915
1789.0,1794.8591
1783.0,1794.6844
1790.0,1796.8087
1781.0,1797.701
1801.0,1800.3701
1798.0,1801.4552
1803.0,1804.5013
1799.0,1805.3195
1817.0,1811.3635
1812.0,1817.0282
1831.0,1822.6779
1828.0,1827.8113
1848.0,1835.8835
1844.0,1842.3245
1857.0,1852.9629
1851.0,1862.131
1864.0,1873.9052
1866.0,1883.5829
1876.0,1894.3118
1881.0,1901.958
1897.0,1910.8505
1903.0,1918.8425
1941.0,1927.223
1954.0,1934.6489
1972.0,1944.0315
1971.0,1953.1664
1993.0,1970.3312
1997.0,1988.6914
2018.0,2007.5923
2022.0,2022.5232
2040.0,2038.6387
2046.0,2051.0586
2068.0,2065.8315
2071.0,2076.579
2095.0,2088.6907
2096.0,2098.6423
2108.0,2111.291
2110.0,2120.8196
2127.0,2133.9973
2135.0,2142.419
2152.0,2150.8577
2149.0,2154.2217
2151.0,2160.0603
2149.0,2165.6602
2159.0,2173.6929
2149.0,2176.3557
2162.0,2175.991
2149.0,2171.6663
2141.0,2170.456
2127.0,2162.0012
2164.0,2160.039
2158.0,2151.6624
2159.0,2138.4011
2146.0,2119.6514
2149.0,2124.0005
2148.0,2129.4944
2148.0,2135.6655
2140.0,2134.7847
2141.0,2134.2974
2131.0,2135.0007
2132.0,2136.6924
2115.0,2135.2878
2072.0,2134.659
2080.0,2129.1702
2062.0,2125.6355
2066.0,2114.501
2047.0,2084.0962
2046.0,2062.2756
2033.0,2039.9696
2041.0,2026.8882
2020.0,2011.8427
2012.0,2002.7953
1989.0,1993.7731
1990.0,1993.4828
1968.0,1988.3948
1957.0,1982.024
1928.0,1968.3118
1913.0,1960.0511
1901.0,1948.3291
1897.0,1935.6622
1888.0,1917.0842
1889.0,1898.6028
1878.0,1881.337
1881.0,1869.5366
1865.0,1858.9918
1869.0,1853.897
1852.0,1848.2445
1851.0,1846.0304
1840.0,1841.3419
1835.0,1838.8971
1822.0,1833.6573
1820.0,1829.7762
1809.0,1825.2601
1811.0,1821.3871
1808.0,1816.0026
1810.0,1812.372
1799.0,1807.5525
1803.0,1805.747
1800.0,1804.7249
1805.0,1805.304
1803.0,1805.0123
1810.0,1806.5428
1803.0,1808.5239
1818.0,1812.0032
1817.0,1815.2571
1829.0,1820.8947
1823.0,1823.7394
1834.0,1829.812
1826.0,1836.6729
1850.0,1845.8813
1851.0,1853.1594
1866.0,1861.7039
1867.0,1866.9435
1880.0,1877.2798
1874.0,1886.9402
1884.0,1898.5764
1885.0,1908.7802
1901.0,1920.059
1902.0,1927.9594
1922.0,1936.2693
1933.0,1942.1902
1975.0,1950.1759
1981.0,1956.8036
1994.0,1966.814
1996.0,1977.6497
2011.0,1997.844
2020.0,2016.6874
2037.0,2034.7142
2041.0,2048.4685
2058.0,2061.5217
2044.0,2072.912
2061.0,2085.37
2067.0,2094.711
2093.0,2105.6938
2101.0,2107.4548
2128.0,2110.961
2128.0,2113.788
2148.0,2122.989
2152.0,2132.8967
2172.0,2148.5706
2169.0,2160.1423
2182.0,2174.389
2183.0,2183.8628
2196.0,2196.435
2190.0,2203.1167
2204.0,2210.0115
2193.0,2211.8374
2202.0,2215.6667
2190.0,2213.8503
2203.0,2215.1035
2191.0,2207.447
2196.0,2202.8743
2189.0,2191.8308
2192.0,2189.8606
2179.0,2182.0857
2147.0,2176.6667
2127.0,2169.5054
2127.0,2165.7886
2107.0,2156.3738
2108.0,2133.0237
2089.0,2104.0647
2093.0,2083.8152
2075.0,2063.55
2079.0,2052.5996
2059.0,2039.2405
2069.0,2034.0321
2053.0,2026.017
2051.0,2025.0214
2032.0,2018.2402
2030.0,2019.8633
2005.0,2017.3279
2008.0,2015.1869
1988.0,2008.2524
1992.0,2003.3246
1978.0,1990.6659
1963.0,1982.6603
1930.0,1970.7734
1917.0,1964.9648
1903.0,1957.6532
1898.0,1948.134
1885.0,1929.2024
1884.0,1910.4033
1869.0,1892.535
1873.0,1878.3872
1858.0,1865.8834
1859.0,1857.4614
1849.0,1847.5062
1850.0,1842.8218
1837.0,1836.0719
1833.0,1832.0725
1819.0,1826.8208
1821.0,1824.7178
1813.0,1820.4384
1820.0,1816.6454
1804.0,1811.5782
1808.0,1809.2123
1803.0,1806.7162
1805.0,1807.235
1799.0,1805.1127
1806.0,1805.681
1802.0,1806.7494
1811.0,1809.5067
1802.0,1811.3698
1821.0,1815.2233
1815.0,1818.2751
1822.0,1823.5343
1824.0,1825.9856
1837.0,1833.0558
1833.0,1839.266
1853.0,1845.4996
1851.0,1852.3617
1867.0,1861.5155
1870.0,1869.0076
1880.0,1880.0365
1881.0,1889.2765
1892.0,1900.8594
1887.0,1911.4335
1903.0,1922.3496
1902.0,1931.1693
1928.0,1940.8341
1941.0,1946.7299
1970.0,1954.4823
1980.0,1959.9995
1997.0,1970.2506
2001.0,1982.2944
2029.0,1999.6344
2026.0,2016.581
2037.0,2034.9368
2036.0,2049.9148
2052.0,2068.3906
2059.0,2080.3625
2074.0,2091.8113
2065.0,2097.7517
2080.0,2104.027
2078.0,2110.5027
2095.0,2118.0913
2096.0,2118.0898
2106.0,2121.1396
2112.0,2119.9165
2138.0,2123.1316
2130.0,2124.579
2142.0,2126.8818
2139.0,2129.7668
2154.0,2141.7117
2152.0,2148.4612
2159.0,2156.9128
2159.0,2161.2212
2163.0,2169.9412
2159.0,2174.472
2172.0,2178.1348
2159.0,2177.9526
2185.0,2178.0366
2167.0,2173.79
2167.0,2174.9302
2160.0,2168.591
2170.0,2174.6868
2131.0,2172.0786
2123.0,2166.644
2129.0,2158.826
2142.0,2156.9397
2125.0,2136.3157
2122.0,2114.0957
2109.0,2100.3857
2107.0,2099.5505
2082.0,2094.79
2086.0,2091.7927
2063.0,2084.5566
2060.0,2079.081
2034.0,2064.1792
2032.0,2056.0825
2013.0,2042.3423
2012.0,2031.802
1989.0,2013.6058
1990.0,2000.8916
1971.0,1985.1392
1966.0,1975.6
1917.0,1960.4225
1919.0,1952.6366
1900.0,1941.2423
1897.0,1931.5857
1881.0,1908.598
1883.0,1891.7822
1874.0,1875.8729
1879.0,1863.8738
1863.0,1851.6604
1856.0,1844.9099
1853.0,1838.6113
1850.0,1836.8779
1833.0,1832.2783
1839.0,1828.0186
1822.0,1825.182
1821.0,1823.2963
1811.0,1818.1858
1816.0,1817.3678
1804.0,1813.5961
1810.0,1810.7552
1799.0,1807.2454
1806.0,1806.9352
1796.0,1804.964
1807.0,1806.3574
1801.0,1806.0334
1807.0,1808.4119
1801.0,1809.3135
1816.0,1813.3723
1813.0,1816.1244
1824.0,1820.2959
1825.0,1823.0623
1841.0,1829.6655
1839.0,1835.1942
1856.0,1842.7427
1855.0,1850.4409
1869.0,1861.2678
1870.0,1870.6993
1882.0,1882.458
1884.0,1892.5054
1899.0,1904.7708
1892.0,1914.4679
1904.0,1925.7739
1910.0,1935.5125
1931.0,1945.9211
1934.0,1952.1215
1967.0,1959.334
1979.0,1965.7701
1996.0,1976.1746
2001.0,1984.6837
2018.0,2000.7391
2029.0,2016.7426
2039.0,2033.4415
2035.0,2047.4794
2048.0,2062.1516
2054.0,2076.2407
2069.0,2089.1064
2068.0,2095.8093
2080.0,2102.7146
2083.0,2107.925
2095.0,2114.4648
2119.0,2117.2942
2127.0,2120.8247
2134.0,2122.8389
2140.0,2126.6675
2126.0,2137.8
2152.0,2147.9463
2164.0,2157.4636
2178.0,2165.2253
2175.0,2161.554
2192.0,2167.3418
2182.0,2176.3604
2198.0,2189.2869
2191.0,2196.3665
2196.0,2207.423
2189.0,2208.5447
2200.0,2212.6736
2193.0,2210.42
2200.0,2208.6218
2191.0,2201.9482
2204.0,2197.618
2180.0,2191.5771
2174.0,2189.978
2159.0,2184.2368
2158.0,2185.7388
2137.0,2176.3987
2138.0,2163.129
2119.0,2145.6267
2122.0,2131.6968
2092.0,2112.4968
2087.0,2100.2346
2071.0,2083.6438
2064.0,2075.9722
2041.0,2058.6038
2029.0,2045.5181
2011.0,2030.869
2008.0,2018.9315
1989.0,2002.2579
1990.0,1986.4512
1975.0,1969.711
1966.0,1958.1659
1931.0,1944.5927
1917.0,1937.989
1902.0,1930.1104
1901.0,1922.9376
1885.0,1905.5912
1888.0,1888.7953
1877.0,1871.4283
1880.0,1861.0317
1865.0,1850.6086
1868.0,1845.7393
1853.0,1840.6832
1855.0,1838.2144
1836.0,1834.4592
1838.0,1833.3728
1820.0,1829.448
1828.0,1828.5238
1817.0,1823.5131
1823.0,1821.2675
1807.0,1815.9672
1812.0,1815.1359
1806.0,1813.2932
1811.0,1813.5731
1803.0,1811.1754
1814.0,1811.6282
1805.0,1811.7395
1820.0,1814.2006
1812.0,1815.1636
1822.0,1820.1263
1819.0,1822.4548
1835.0,1828.9492
1831.0,1832.7523
1840.0,1838.8601
1842.0,1844.2577
1860.0,1853.3683
1859.0,1860.6487
1869.0,1868.8876
1874.0,1876.7776
1884.0,1887.721
1879.0,1897.4733
1894.0,1907.6609
1891.0,1916.9261
1902.0,1926.9506
1907.0,1933.9032
1929.0,1943.0734
1943.0,1948.5205
1972.0,1955.1254
1980.0,1961.6584
1995.0,1971.7216
1999.0,1983.9568
2012.0,2001.7302
2013.0,2018.1094
2037.0,2034.9827
2040.0,2048.0132
2061.0,2060.8547
2065.0,2069.842
2087.0,2081.863
2097.0,2091.701
2116.0,2104.2595
2113.0,2114.0208
2133.0,2126.7278
2141.0,2138.4148
2157.0,2152.4094
2174.0,2159.1877
2195.0,2168.9639
2191.0,2176.323
2209.0,2186.2761
2203.0,2198.1885
2210.0,2214.6318
2207.0,2222.8347
2216.0,2232.8997
2211.0,2234.2212
2216.0,2233.9067
2214.0,2227.9438
2219.0,2224.41
2208.0,2216.711
2207.0,2212.893
2190.0,2207.9116
2195.0,2205.3782
2179.0,2197.132
2187.0,2188.9832
2173.0,2173.2542
2171.0,2163.7664
2147.0,2149.4912
2149.0,2144.4531
2128.0,2136.97
2125.0,2132.1536
2097.0,2117.4395
2082.0,2109.421
2057.0,2096.1477
2062.0,2086.3816
2041.0,2067.872
2045.0,2047.5507
2027.0,2023.0433
2029.0,2010.7894
2016.0,1996.5116
2012.0,1989.5519
1995.0,1981.0662
1991.0,1977.0831
1968.0,1971.3818
1957.0,1966.8265
1926.0,1958.9343
1915.0,1953.2703
1898.0,1941.7247
1905.0,1931.2123
1890.0,1912.6519
1892.0,1896.3894
1882.0,1880.2596
1884.0,1872.0417
1872.0,1863.9443
1871.0,1859.0134
1855.0,1853.5681
1860.0,1851.6338
1837.0,1848.4302
1843.0,1846.8252
1831.0,1841.4354
1830.0,1839.5414
1820.0,1833.2244
1821.0,1830.192
1808.0,1825.7644
1817.0,1822.5328
1805.0,1819.2944
1820.0,1818.0288
1805.0,1815.2621
1813.0,1816.1384
1802.0,1815.2916
1814.0,1818.7881
1804.0,1819.3827
1822.0,1822.6366
1822.0,1823.2996
1833.0,1826.9006
1824.0,1828.2831
1839.0,1833.9971
1839.0,1840.5312
1853.0,1849.4799
1854.0,1854.808
1870.0,1863.1987
1867.0,1871.1431
1881.0,1881.7489
1873.0,1890.4117
1888.0,1902.2382
1891.0,1911.5594
1903.0,1922.5658
1905.0,1929.174
1927.0,1937.391
1931.0,1944.3419
1979.0,1952.3743
1979.0,1959.3055
1997.0,1970.1632
1998.0,1979.4113
2018.0,1999.9343
2024.0,2017.357
2046.0,2035.4119
2049.0,2048.8318
2071.0,2064.1887
2075.0,2076.4316
2096.0,2091.3284
2100.0,2101.911
2120.0,2115.056
2117.0,2125.616
2136.0,2138.5012
2139.0,2147.6145
2158.0,2159.041
2158.0,2163.9814
2179.0,2171.0312
2174.0,2175.0737
2173.0,2182.0981
2175.0,2184.8455
2181.0,2193.8015
2172.0,2196.3596
2186.0,2193.858
2173.0,2189.306
2169.0,2186.8354
2152.0,2177.6985
2190.0,2174.7659
2180.0,2166.21
2175.0,2157.2056
2168.0,2140.9373
2168.0,2147.4556
2165.0,2152.1824
2171.0,2153.7537
2162.0,2151.367
2164.0,2150.9587
2152.0,2149.7495
2151.0,2152.8281
2107.0,2152.163
2087.0,2154.181
2077.0,2150.1682
2076.0,2146.1128
2064.0,2120.0227
2065.0,2086.8975
2049.0,2056.0344
2046.0,2035.3025
2037.0,2018.6348
2036.0,2010.6669
2016.0,2002.0504
2010.0,1996.6389
1992.0,1991.873
1990.0,1990.1696
1968.0,1982.7736
1960.0,1975.6598
1930.0,1964.4049
1918.0,1957.6213
1903.0,1945.7776
1900.0,1935.011
1889.0,1917.2488
1892.0,1900.588
1880.0,1884.2632
1884.0,1873.0054
1868.0,1863.3188
1870.0,1858.5729
1855.0,1852.8923
1853.0,1850.7174
1840.0,1845.8759
1835.0,1843.6741
1820.0,1838.1967
1824.0,1833.7926
1811.0,1829.131
1814.0,1824.6222
1808.0,1818.2251
1808.0,1814.7794
1802.0,1810.4448
1807.0,1808.3065
1798.0,1806.5743
1809.0,1806.0635
1799.0,1805.2808
1813.0,1806.95
1805.0,1807.6965
1820.0,1811.6056
1815.0,1813.6553
1832.0,1819.0975
1827.0,1822.8096
1839.0,1830.5795
1829.0,1836.6581
1856.0,1846.739
1853.0,1854.7632
1869.0,1864.3264
1865.0,1870.3687
1880.0,1882.101
1873.0,1891.848
1886.0,1903.965
1888.0,1912.7604
1901.0,1922.831
1900.0,1929.2385
1922.0,1937.1411
1930.0,1943.9088
1977.0,1951.6672
1982.0,1957.0651
1995.0,1967.072
1996.0,1976.7625
2014.0,1996.9698
2019.0,2015.5936
2036.0,2034.1635
2042.0,2048.1057
2057.0,2062.8452
2046.0,2073.8496
2062.0,2085.348
2065.0,2094.7048
2091.0,2105.368
2095.0,2107.4275
2122.0,2112.0698
2128.0,2113.6328
2146.0,2121.9763
2151.0,2128.4329
2170.0,2142.537
2166.0,2154.8787
2181.0,2170.6614
2181.0,2181.4946
2189.0,2195.7917
2188.0,2201.7446
2202.0,2209.641
2192.0,2212.521
2201.0,2215.038
2193.0,2212.0886
2202.0,2212.282
2191.0,2205.3708
2194.0,2201.198
2191.0,2192.9377
2191.0,2189.472
2182.0,2180.9722
2185.0,2176.112
2119.0,2169.9739
2127.0,2166.1755
2108.0,2160.4973
2104.0,2158.388
2088.0,2123.421
2092.0,2096.8584
2074.0,2070.315
2047.0,2052.9504
2027.0,2035.351
2005.0,2028.9546
2005.0,2020.6709
1987.0,2004.5945
1996.0,1985.4335
1980.0,1964.4438
1986.0,1950.7113
1972.0,1937.132
1968.0,1934.2323
1960.0,1927.9402
1955.0,1928.6206
1939.0,1926.017
1941.0,1924.3275
1927.0,1922.5367
1926.0,1920.2932
1917.0,1915.1295
1922.0,1914.2426
1905.0,1911.7524
1909.0,1910.4806
1905.0,1908.238
1905.0,1909.3103
1903.0,1905.6133
1904.0,1905.0536
1898.0,1904.8992
1910.0,1905.2395
1906.0,1905.5673
1916.0,1907.6892
1911.0,1907.34
1922.0,1912.1224
1920.0,1915.191
1937.0,1921.4426
1929.0,1926.5865
1938.0,1934.9165
1944.0,1941.8005
1962.0,1953.2034
1961.0,1959.904
1973.0,1968.0273
1971.0,1976.0138
1981.0,1988.1342
1982.0,1997.7875
2000.0,2008.5487
1999.0,2016.0441
2014.0,2023.349
2018.0,2029.0402
2047.0,2038.3668
2077.0,2044.5065
2088.0,2053.01
2087.0,2061.0085
2105.0,2075.1516
2111.0,2096.765
2129.0,2118.0312
2128.0,2132.8882
2148.0,2149.36
2150.0,2160.9849
2160.0,2173.3555
2159.0,2179.328
2179.0,2187.5469
2188.0,2191.9136
2213.0,2196.3613
2216.0,2194.72
2241.0,2198.7224
2254.0,2203.283
2262.0,2215.5776
2264.0,2226.365
2280.0,2244.3723
2277.0,2263.912
2293.0,2281.3914
2287.0,2291.7524
2298.0,2304.2656
2294.0,2308.7444
2300.0,2317.4834
2290.0,2318.991
2302.0,2321.1047
2290.0,2318.0315
2301.0,2314.9792
2290.0,2305.3364
2250.0,2302.5178
2240.0,2292.9053
2245.0,2289.4294
2238.0,2281.3323
2234.0,2252.0803
2212.0,2222.3125
2213.0,2202.4893
2194.0,2188.7705
2192.0,2180.2942
2181.0,2166.8994
2181.0,2159.2236
2167.0,2148.9172
2171.0,2142.5388
2156.0,2137.1401
2161.0,2136.0222
2143.0,2131.508
2137.0,2131.823
2119.0,2127.163
2113.0,2128.9202
2096.0,2123.4263
2098.0,2117.826
2080.0,2105.9548
2079.0,2094.8833
2050.0,2080.5698
2028.0,2071.597
2005.0,2059.7817
2008.0,2051.4338
1986.0,2032.8556
1989.0,2008.1162
1973.0,1982.1146
1978.0,1966.1191
1966.0,1948.518
1966.0,1938.887
1953.0,1928.8727
1955.0,1925.4211
1937.0,1921.4111
1938.0,1921.1179
1925.0,1917.0714
1929.0,1917.1029
1915.0,1912.0227
1923.0,1910.9668
1908.0,1907.4344
1913.0,1907.3593
1902.0,1905.7136
1907.0,1907.1289
1900.0,1905.9299
1904.0,1906.7291
1901.0,1905.5209
1909.0,1906.0391
1904.0,1906.0223
1916.0,1908.345
1906.0,1909.8955
1920.0,1913.5245
1922.0,1916.342
1935.0,1922.4977
1935.0,1925.7485
1949.0,1933.4628
1947.0,1940.8694
1965.0,1951.5343
1963.0,1961.1161
1977.0,1973.0165
1976.0,1981.8234
1986.0,1994.1635
1985.0,2003.0328
2000.0,2014.0364
1997.0,2021.5225
2011.0,2029.5184
2023.0,2034.6696
2054.0,2041.6892
2067.0,2045.636
2092.0,2051.929
2092.0,2060.0698
2112.0,2077.0452
2116.0,2094.5862
2129.0,2116.8242
2130.0,2133.4534
2147.0,2151.4426
2146.0,2164.056
2166.0,2176.117
2164.0,2181.55
2177.0,2189.4116
2178.0,2191.4812
2189.0,2196.756
2191.0,2197.4216
2205.0,2199.4766
2203.0,2198.6443
2230.0,2199.88
2228.0,2199.1252
2242.0,2203.7078
2239.0,2205.7134
2248.0,2218.916
2249.0,2228.953
2258.0,2242.5708
2251.0,2250.5508
2263.0,2258.4424
2252.0,2263.645
2270.0,2270.72
2262.0,2269.944
2266.0,2272.7498
2277.0,2267.3118
2275.0,2269.5205
2262.0,2267.2722
2270.0,2266.578
2260.0,2270.8599
2227.0,2272.1921
2218.0,2265.415
2242.0,2264.5322
2231.0,2257.4414
2226.0,2233.3057
2215.0,2206.5142
2214.0,2201.0696
2194.0,2196.1946
2189.0,2192.2273
2174.0,2184.1172
2164.0,2178.9998
2146.0,2166.143
2142.0,2155.319
2119.0,2142.6006
2115.0,2129.7021
2095.0,2114.5107
2098.0,2104.5308
2078.0,2088.636
2080.0,2077.6626
2052.0,2062.066
2023.0,2054.9883
2006.0,2042.5353
2001.0,2035.9388
1986.0,2021.027
1986.0,1997.9988
1978.0,1973.0801
1983.0,1955.8151
1969.0,1939.3251
1968.0,1930.7728
1953.0,1925.377
1956.0,1925.356
1938.0,1923.1035
1940.0,1921.715
1925.0,1917.4999
1924.0,1917.3673
1915.0,1913.1954
1921.0,1912.1805
1908.0,1908.7081
1910.0,1906.9216
1905.0,1904.999
1906.0,1906.5769
1896.0,1905.7955
1902.0,1906.1222
1901.0,1905.7865
1908.0,1905.9858
1896.0,1905.1017
1909.0,1906.238
1909.0,1907.6237
1921.0,1911.5765
1920.0,1912.1506
1939.0,1916.6417
1936.0,1921.3878
1952.0,1929.5964
1951.0,1937.37
1969.0,1949.5497
1969.0,1960.2616
1980.0,1973.3816
1980.0,1983.5409
1988.0,1996.8398
1990.0,2007.3074
2000.0,2018.1675
2001.0,2026.0327
2019.0,2033.6583
2025.0,2039.0752
2054.0,2045.4784
2066.0,2050.0627
2090.0,2057.5203
2090.0,2064.9739
2113.0,2079.8083
2114.0,2096.1155
2141.0,2117.1912
2128.0,2132.5862
2146.0,2150.2175
2148.0,2161.6538
2163.0,2178.6755
2164.0,2184.259
2171.0,2190.3582
2179.0,2192.561
2193.0,2195.858
2192.0,2196.0007
2230.0,2195.8394
2223.0,2195.9207
2252.0,2199.8552
2231.0,2201.008
2241.0,2217.9214
2250.0,2229.1753
2271.0,2249.5425
2272.0,2254.3591
2285.0,2257.6184
2276.0,2263.2473
2295.0,2277.0894
2290.0,2288.3162
2300.0,2301.2114
2290.0,2303.714
2303.0,2310.8025
2296.0,2311.0442
2298.0,2314.0913
2290.0,2309.614
2302.0,2310.7024
2291.0,2305.225
2292.0,2301.333
2267.0,2292.8005
2264.0,2291.1326
2248.0,2284.1394
2246.0,2279.2395
2231.0,2262.284
2226.0,2245.396
2208.0,2223.6504
2198.0,2208.1367
2175.0,2190.7805
2175.0,2179.3137
2151.0,2164.9084
2143.0,2153.441
2118.0,2136.596
2112.0,2126.5444
2093.0,2112.8347
2096.0,2101.707
2081.0,2085.213
2078.0,2072.6882
2052.0,2058.2515
2026.0,2050.1836
2003.0,2040.8568
2004.0,2035.0106
1988.0,2020.3417
1993.0,1998.7146
1982.0,1973.3154
1984.0,1956.9695
1970.0,1941.2483
1972.0,1934.8123
1961.0,1929.244
1953.0,1928.2449
1939.0,1925.1178
1943.0,1925.4996
1926.0,1924.3068
1929.0,1922.0443
1918.0,1917.2595
1922.0,1916.7958
1910.0,1912.3328
1917.0,1911.7448
1908.0,1909.489
1915.0,1910.349
1904.0,1908.458
1911.0,1909.8805
1903.0,1910.0392
1914.0,1912.8123
1908.0,1912.6423
1923.0,1915.0504
1918.0,1915.2677
1929.0,1919.7021
1926.0,1922.0059
1935.0,1929.4445
1934.0,1934.9033
1951.0,1943.1447
1954.0,1950.1128
1970.0,1958.0294
1969.0,1964.4768
1979.0,1975.0529
1974.0,1984.3071
1989.0,1996.3201
1988.0,2005.8911
2000.0,2015.6707
1997.0,2021.9116
2019.0,2030.3921
2021.0,2036.0895
2060.0,2042.9196
2066.0,2046.0187
2084.0,2054.692
2094.0,2061.7004
2107.0,2079.8037
2117.0,2097.0984
2129.0,2116.3079
2132.0,2133.7747
2153.0,2150.1897
2158.0,2163.341
2181.0,2175.1694
2186.0,2181.493
2205.0,2192.2197
2206.0,2199.349
2224.0,2210.39
2224.0,2218.5645
2248.0,2229.992
2257.0,2234.9463
2285.0,2242.5613
2287.0,2244.5703
2307.0,2255.1191
2302.0,2267.3335
2307.0,2288.6807
2303.0,2305.236
2315.0,2324.4023
2308.0,2333.9631
2316.0,2339.4834
2313.0,2338.4124
2319.0,2338.6348
2311.0,2333.2366
2317.0,2330.4429
2295.0,2325.0625
2298.0,2321.5146
2287.0,2313.9924
2291.0,2309.939
2275.0,2294.0676
2275.0,2281.9736
2259.0,2266.9045
2256.0,2257.0254
2236.0,2241.9272
2227.0,2232.493
2212.0,2218.9421
2200.0,2210.4495
2160.0,2198.096
2162.0,2186.604
2146.0,2172.5803
2142.0,2159.5537
2133.0,2133.874
2132.0,2118.305
2120.0,2104.2095
2116.0,2096.1794
2097.0,2089.1304
2099.0,2086.8452
2077.0,2082.0156
2069.0,2077.8223
2044.0,2067.6716
2029.0,2061.6326
2005.0,2049.7778
2005.0,2038.8384
1994.0,2020.7361
2002.0,2001.805
1983.0,1978.9431
1984.0,1963.6783
1971.0,1951.3916
1975.0,1948.7762
1962.0,1942.6176
1963.0,1939.6229
1943.0,1934.8832
1948.0,1934.1852
1934.0,1931.4536
1930.0,1930.9117
1919.0,1925.7999
1925.0,1924.9342
1908.0,1921.8843
1919.0,1919.1047
1910.0,1914.6659
1914.0,1914.8251
1906.0,1910.3152
1912.0,1911.4906
1909.0,1911.527
1910.0,1913.5757
1906.0,1913.4587
1915.0,1915.441
1917.0,1917.5907
1927.0,1919.882
1923.0,1921.3901
1934.0,1926.2787
1936.0,1930.7241
1954.0,1939.0726
1954.0,1945.5325
1966.0,1953.5785
1966.0,1961.0955
1976.0,1974.0015
1974.0,1984.1229
1984.0,1995.6852
1987.0,2005.224
1998.0,2015.2046
1999.0,2021.1781
2018.0,2028.3842
2017.0,2033.6278
2047.0,2040.9713
2076.0,2045.3143
2087.0,2054.6475
2087.0,2059.6904
2108.0,2073.167
2116.0,2094.3572
2135.0,2115.0752
2141.0,2130.5967
2159.0,2148.0527
2164.0,2162.7007
2187.0,2178.027
2193.0,2189.3955
2210.0,2201.943
2214.0,2210.5925
2228.0,2222.4587
2224.0,2230.2878
2248.0,2240.285
2253.0,2245.0847
2269.0,2250.97
2270.0,2250.107
2280.0,2256.841
2269.0,2262.149
2279.0,2271.8972
2272.0,2278.5913
2282.0,2287.1428
2277.0,2285.8303
2284.0,2286.503
2252.0,2281.0098
2272.0,2281.992
2278.0,2278.773
2282.0,2277.8254
2269.0,2260.3044
2277.0,2254.4097
2259.0,2253.7717
2271.0,2256.5435
2260.0,2252.1262
2266.0,2252.077
2257.0,2243.8938
2253.0,2243.2463
2238.0,2238.7195
2179.0,2239.3145
2180.0,2236.9988
2178.0,2234.3513
2166.0,2224.4675
2167.0,2186.6946
2155.0,2154.325
2152.0,2133.8364
2136.0,2117.373
2139.0,2110.9812
2122.0,2105.8064
2120.0,2103.9617
2098.0,2097.327
2097.0,2096.395
2079.0,2090.0735
2075.0,2085.2473
2045.0,2074.218
2029.0,2066.1162
2006.0,2055.098
2005.0,2046.7981
1991.0,2028.5963
1996.0,2007.2781
1983.0,1981.4149
1986.0,1964.4174
1973.0,1948.9025
1965.0,1942.6412
1962.0,1936.0432
1956.0,1934.5569
1940.0,1931.6494
1944.0,1927.7255
1926.0,1925.9165
1926.0,1923.9418
1919.0,1918.8093
1922.0,1917.9556
1903.0,1913.4186
1910.0,1910.7427
1900.0,1908.7201
1905.0,1908.9724
1902.0,1904.7458
1908.0,1903.9781
1901.0,1902.9146
1912.0,1903.4067
1908.0,1903.9382
1914.0,1907.78
1907.0,1909.0182
1922.0,1913.7933
1923.0,1918.1532
1936.0,1924.3152
1924.0,1927.754
1937.0,1935.332
1946.0,1942.7214
1960.0,1952.8723
1964.0,1957.3802
1978.0,1964.8275
1972.0,1973.7804
1981.0,1985.077
1982.0,1995.8691
1998.0,2008.7753
1999.0,2016.5975
2017.0,2024.1907
2020.0,2029.9618
2045.0,2038.0547
2073.0,2043.9064
2086.0,2054.115
2088.0,2062.4053
2106.0,2076.2925
2112.0,2096.3171
2127.0,2117.6326
2126.0,2132.9792
2149.0,2149.4194
2149.0,2161.2532
2156.0,2172.643
2157.0,2178.228
2175.0,2188.1702
2184.0,2192.0627
2212.0,2194.0188
2218.0,2192.1025
2235.0,2194.6777
2243.0,2199.0845
2260.0,2212.5698
2260.0,2225.888
2276.0,2242.2683
2272.0,2256.7344
2288.0,2272.7903
2283.0,2284.0032
2298.0,2297.1326
2294.0,2303.6182
2306.0,2313.0215
2295.0,2314.7866
2301.0,2319.2715
2289.0,2319.035
2299.0,2321.3389
2288.0,2314.97
2292.0,2310.7002
2282.0,2299.8977
2287.0,2294.0571
2270.0,2283.5112
2234.0,2274.8633
2211.0,2264.9585
2213.0,2258.7659
2191.0,2246.4614
2190.0,2218.7231
2179.0,2185.5242
2175.0,2164.3767
2166.0,2142.6255
2166.0,2131.1055
2156.0,2123.316
2155.0,2119.055
2141.0,2116.3982
2138.0,2118.5383
2114.0,2116.7314
2112.0,2117.3606
2094.0,2112.4294
2095.0,2109.1858
2081.0,2097.0327
2078.0,2087.9644
2083.0,2075.516
2076.0,2067.711
2082.0,2059.306
2074.0,2052.365
2082.0,2051.4531
2075.0,2049.423
2081.0,2053.0503
2078.0,2054.2407
2093.0,2060.325
2088.0,2065.037
2102.0,2072.7646
2098.0,2079.4487
2115.0,2092.0237
2111.0,2101.6992
2126.0,2114.905
2125.0,2123.9844
2141.0,2139.5474
2137.0,2148.184
2153.0,2159.4395
2146.0,2167.5852
2168.0,2176.247
2161.0,2180.3667
2176.0,2188.1406
2183.0,2189.219
2199.0,2197.2903
2216.0,2198.3013
2251.0,2203.6558
2250.0,2209.1702
2267.0,2219.5203
2273.0,2235.1445
2298.0,2264.0876
2300.0,2285.1
2320.0,2306.0688
2321.0,2320.5574
2346.0,2339.8801
2348.0,2352.226
2374.0,2366.7197
2379.0,2373.3516
2393.0,2387.1128
2390.0,2395.2407
2409.0,2410.5862
2410.0,2420.8162
2429.0,2431.7356
2433.0,2435.0386
2448.0,2442.1353
2441.0,2445.1199
2443.0,2453.2524
2443.0,2458.8315
2452.0,2467.9172
2443.0,2469.0745
2448.0,2467.2576
2434.0,2463.3184
2429.0,2462.1667
2452.0,2454.2244
2460.0,2448.094
2440.0,2434.0461
2446.0,2419.0513
2433.0,2418.3596
2447.0,2421.55
2438.0,2414.8425
2442.0,2410.4263
2428.0,2401.331
2433.0,2400.5615
2418.0,2396.7766
2411.0,2395.842
2357.0,2390.367
2353.0,2387.603
2340.0,2380.0654
2346.0,2371.7004
2332.0,2342.1416
2334.0,2317.8982
2318.0,2297.1738
2316.0,2287.4568
2301.0,2277.913
2302.0,2273.8066
2282.0,2266.658
2275.0,2261.9863
2256.0,2254.6802
2260.0,2251.1025
2231.0,2243.2888
2219.0,2235.676
2186.0,2224.5212
2188.0,2217.943
2163.0,2203.9214
2169.0,2188.994
2156.0,2166.6218
2159.0,2152.9404
2144.0,2135.1501
2148.0,2127.927
2136.0,2119.7754
2138.0,2116.3848
2121.0,2110.3013
2117.0,2109.32
2102.0,2106.0122
2101.0,2105.7769
2090.0,2099.4763
2091.0,2093.1528
2076.0,2084.1416
2084.0,2077.9858
2072.0,2071.448
2077.0,2068.5596
2070.0,2061.739
2074.0,2061.65
2072.0,2058.6943
2078.0,2060.2393
2072.0,2058.9985
2086.0,2060.072
2077.0,2062.615
2091.0,2069.3235
2088.0,2073.5562
2099.0,2083.7612
2095.0,2088.9648
2108.0,2100.1006
2101.0,2107.914
2124.0,2118.79
2127.0,2124.7756
2137.0,2134.658
2137.0,2137.9814
2149.0,2148.877
2146.0,2159.118
2161.0,2170.4312
2159.0,2176.881
2172.0,2185.4792
2178.0,2188.2864
2202.0,2194.3423
2217.0,2195.1362
2251.0,2200.3462
2253.0,2204.8667
2267.0,2218.2065
2269.0,2236.3567
2285.0,2266.7349
2289.0,2289.5962
2310.0,2310.038
2314.0,2321.157
2323.0,2332.547
2318.0,2338.756
2336.0,2350.1438
2348.0,2357.5405
2369.0,2363.9114
2376.0,2361.5322
2400.0,2365.0544
2401.0,2371.147
2425.0,2385.669
2430.0,2396.8967
2442.0,2414.7378
2441.0,2427.24
2455.0,2444.6655
2454.0,2457.805
2464.0,2469.6921
2462.0,2475.7705
2465.0,2483.8582
2464.0,2486.717
2469.0,2491.168
2463.0,2491.1682
2470.0,2488.543
2461.0,2481.9487
2461.0,2476.4531
2461.0,2467.2998
2459.0,2461.1394
2445.0,2450.8918
2407.0,2441.638
2394.0,2434.0886
2386.0,2426.7192
2366.0,2416.048
2370.0,2391.9285
2358.0,2367.9524
2355.0,2347.9683
2341.0,2326.8271
2339.0,2314.7515
2331.0,2304.0122
2333.0,2296.8787
2316.0,2288.4111
2313.0,2282.6846
2295.0,2277.5088
2286.0,2277.0017
2270.0,2271.542
2273.0,2267.796
2256.0,2259.4075
2258.0,2249.5222
2235.0,2237.738
2220.0,2232.0828
2183.0,2223.4055
2186.0,2218.7754
2167.0,2208.0833
2169.0,2193.4663
2150.0,2168.3477
2154.0,2151.776
2140.0,2134.9285
2140.0,2125.5881
2122.0,2114.4724
2125.0,2111.0852
2116.0,2105.184
2116.0,2102.492
2101.0,2095.216
2104.0,2092.0266
2090.0,2088.0193
2094.0,2086.3286
2081.0,2080.29
2089.0,2078.3809
2073.0,2073.1626
2080.0,2073.356
2070.0,2069.6772
2075.0,2071.2185
2067.0,2067.123
2076.0,2068.581
2075.0,2066.344
2079.0,2067.3887
2078.0,2065.9524
2088.0,2069.316
2092.0,2073.737
2099.0,2079.102
2095.0,2084.5215
2111.0,2093.9565
2109.0,2103.8684
2127.0,2116.707
2122.0,2123.0745
2142.0,2135.1494
2142.0,2143.2356
2155.0,2156.28
2155.0,2162.854
2163.0,2175.2422
2163.0,2182.7466
2177.0,2191.5703
2182.0,2196.6692
2200.0,2201.3884
2225.0,2201.4656
2246.0,2205.6233
2249.0,2210.141
2274.0,2219.8518
2278.0,2239.2114
2298.0,2264.7847
2294.0,2283.7432
2313.0,2306.3325
2309.0,2322.5125
2326.0,2340.72
2332.0,2348.3862
2343.0,2358.8826
2338.0,2360.3506
2352.0,2366.1267
2352.0,2369.7969
2366.0,2375.486
2365.0,2373.52
2379.0,2376.3186
2394.0,2375.2314
2406.0,2378.8762
2398.0,2379.8582
2417.0,2385.2961
2412.0,2394.2786
2425.0,2406.9536
2419.0,2410.6165
2428.0,2419.6785
2427.0,2422.689
2433.0,2428.4666
2430.0,2428.3635
2432.0,2429.7341
2441.0,2428.06
2446.0,2428.3147
2437.0,2425.0496
2442.0,2421.2615
2430.0,2420.7935
2429.0,2422.4
2387.0,2418.2432
2398.0,2415.4512
2401.0,2408.3525
2408.0,2400.068
2386.0,2375.933
2393.0,2360.8855
2376.0,2352.983
2362.0,2351.9727
2346.0,2343.4163
2351.0,2339.0332
2325.0,2330.0034
2318.0,2318.574
2301.0,2303.9446
2298.0,2296.556
2273.0,2283.5425
2270.0,2271.4795
2252.0,2257.4775
2253.0,2248.9292
2238.0,2234.8628
2222.0,2224.613
2185.0,2212.205
2183.0,2205.7014
2163.0,2196.9404
2168.0,2186.6113
2153.0,2165.405
2153.0,2148.6108
2140.0,2131.7046
2138.0,2124.486
2126.0,2116.5325
2131.0,2112.3677
2114.0,2107.0427
2117.0,2104.4717
2101.0,2098.8865
2100.0,2098.0186
2091.0,2090.8577
2089.0,2088.903
2078.0,2082.5457
2082.0,2078.0908
2074.0,2073.073
2074.0,2069.159
2063.0,2064.5063
2075.0,2063.2583
2064.0,2060.8894
2076.0,2060.3333
2077.0,2056.7166
2075.0,2060.2834
2073.0,2059.8918
2089.0,2066.4866
2081.0,2073.946
2098.0,2080.265
2099.0,2084.093
2117.0,2095.0205
2116.0,2100.938
2130.0,2113.445
2131.0,2124.1604
2145.0,2139.335
2144.0,2151.3977
2155.0,2164.4922
2152.0,2173.2134
2170.0,2183.4678
2168.0,2189.1697
2178.0,2195.8142
2187.0,2196.7458
2203.0,2201.8403
2222.0,2203.664
2246.0,2205.861
2251.0,2210.3083
2270.0,2220.6753
2275.0,2236.3142
2292.0,2260.701
2297.0,2280.3347
2311.0,2301.1475
2306.0,2316.3296
2327.0,2332.2615
2325.0,2344.1992
2339.0,2356.416
2339.0,2358.1548
2353.0,2365.084
2353.0,2365.1611
2369.0,2370.1902
2386.0,2370.9304
2404.0,2375.5305
2411.0,2376.324
2393.0,2381.8428
2403.0,2393.4211
2440.0,2409.7156
2434.0,2423.4368
2444.0,2421.5798
2446.0,2422.2576
2455.0,2438.3164
2458.0,2448.2683
2466.0,2457.9187
2461.0,2463.1301
2467.0,2467.5916
2461.0,2470.769
2472.0,2473.5913
2461.0,2471.103
2470.0,2468.4888
2465.0,2462.0842
2470.0,2460.3025
2456.0,2453.23
2439.0,2450.0354
2424.0,2444.1611
2425.0,2440.6323
2405.0,2430.9324
2402.0,2416.3777
2385.0,2398.73
2382.0,2386.2236
2354.0,2369.5132
2346.0,2357.0454
2333.0,2341.5842
2326.0,2330.383
2301.0,2312.972
2297.0,2297.9858
2278.0,2284.5774
2276.0,2274.613
2255.0,2259.314
2248.0,2248.2917
2236.0,2234.5793
2226.0,2226.7275
2186.0,2215.142
2171.0,2205.7532
2161.0,2196.4312
2167.0,2188.1104
2156.0,2166.3872
2154.0,2146.255
2142.0,2129.5227
2150.0,2123.7366
2133.0,2118.3738
2133.0,2116.1392
2116.0,2110.768
2113.0,2113.0261
2105.0,2108.9336
2101.0,2105.741
2090.0,2097.446
2092.0,2090.2395
2085.0,2083.572
2088.0,2078.8613
2076.0,2072.587
2082.0,2069.8167
2077.0,2067.954
2079.0,2069.8054
2073.0,2067.805
2082.0,2069.3733
2076.0,2069.2588
2086.0,2071.41
2084.0,2071.3938
2094.0,2076.2063
2092.0,2078.9707
2106.0,2086.8616
2101.0,2093.4297
2108.0,2104.8276
2116.0,2113.255
2131.0,2124.744
2128.0,2130.6555
2149.0,2135.9868
2143.0,2143.701
2154.0,2156.3416
2152.0,2164.096
2166.0,2177.5586
2161.0,2184.6921
2180.0,2191.6353
2183.0,2193.239
2205.0,2198.9062
2228.0,2198.3496
2246.0,2203.265
2249.0,2208.2637
2267.0,2221.2798
2268.0,2242.9236
2279.0,2267.6257
2290.0,2286.199
2312.0,2304.485
2314.0,2315.4678
2339.0,2324.0156
2344.0,2331.776
2367.0,2346.5164
2372.0,2355.6865
2387.0,2371.6843
2387.0,2383.96
2404.0,2400.3052
2411.0,2411.4792
2438.0,2423.548
2445.0,2429.8433
2466.0,2438.3884
2468.0,2444.5835
2480.0,2460.4512
2469.0,2474.4963
2479.0,2491.625
2475.0,2501.9763
2483.0,2511.4397
2479.0,2510.1667
2490.0,2509.3025
2478.0,2504.604
2487.0,2500.5461
2477.0,2492.8352
2469.0,2489.5532
2462.0,2479.8853
2460.0,2474.8376
2449.0,2464.911
2445.0,2452.2786
2438.0,2439.466
2431.0,2428.2222
2411.0,2415.4238
2411.0,2404.9653
2388.0,2394.8848
2384.0,2385.9556
2355.0,2371.9512
2336.0,2361.8696
2321.0,2346.4905
2313.0,2334.3928
2303.0,2316.15
2310.0,2295.8533
2294.0,2276.222
2294.0,2261.913
2273.0,2251.2532
2273.0,2249.5994
2255.0,2243.8145
2253.0,2241.9778
2231.0,2233.906
2219.0,2228.9504
2187.0,2219.6763
2180.0,2213.5654
2166.0,2202.1504
2171.0,2189.7358
2153.0,2169.1736
2160.0,2152.273
2144.0,2136.8862
2149.0,2130.6965
2141.0,2121.6746
2135.0,2119.9636
2122.0,2113.621
2119.0,2112.7346
2109.0,2110.6895
2104.0,2108.4072
2091.0,2101.087
2093.0,2095.8252
2085.0,2088.9912
2090.0,2084.4082
2080.0,2076.2332
2083.0,2072.766
2076.0,2069.162
2084.0,2071.1475
2074.0,2068.7495
2079.0,2070.195
2072.0,2069.503
2080.0,2073.9338
2076.0,2073.7722
2093.0,2076.5125
2090.0,2076.1084
2103.0,2080.7966
2097.0,2084.226
2111.0,2095.6333
2112.0,2104.4219
2125.0,2117.0977
2124.0,2124.151
2142.0,2134.3179
2137.0,2142.4304
2150.0,2153.797
2148.0,2160.6
2161.0,2173.086
2161.0,2178.4912
2175.0,2186.2834
2178.0,2189.3276
2201.0,2194.4773
2215.0,2197.1401
2252.0,2202.7422
2248.0,2207.5198
2267.0,2221.0283
2271.0,2235.8325
2293.0,2265.7576
2295.0,2286.4268
2319.0,2306.5146
2318.0,2320.2083
2343.0,2338.237
2347.0,2347.1323
2367.0,2362.838
2374.0,2369.4683
2391.0,2382.368
2390.0,2391.1816
2407.0,2404.134
2407.0,2413.1426
2430.0,2424.6946
2432.0,2430.7188
2448.0,2439.1282
2441.0,2441.7888
2438.0,2451.8347
2440.0,2457.7847
2444.0,2468.4075
2442.0,2469.7593
2444.0,2466.319
2434.0,2461.777
2428.0,2458.4907
2443.0,2451.962
2460.0,2445.732
2439.0,2433.257
2448.0,2419.6726
2433.0,2414.097
2432.0,2417.4683
2427.0,2411.7344
2435.0,2409.895
2420.0,2401.5645
2428.0,2394.5562
2414.0,2387.682
2414.0,2386.2852
2336.0,2380.1677
2354.0,2379.18
2337.0,2373.0134
2340.0,2368.8416
2329.0,2332.6433
2334.0,2311.0823
2316.0,2292.4524
2312.0,2282.7834
2299.0,2274.3303
2301.0,2271.8293
2276.0,2265.6094
2273.0,2260.2288
2255.0,2252.7642
2252.0,2249.9321
2231.0,2239.5015
2218.0,2231.6487
2184.0,2221.6865
2187.0,2214.1123
2164.0,2201.4697
2167.0,2188.4497
2155.0,2165.7847
2154.0,2151.844
2144.0,2135.5276
2147.0,2126.9436
2133.0,2118.7395
2135.0,2115.368
2122.0,2109.9316
2120.0,2109.092
2101.0,2103.778
2103.0,2103.3328
2088.0,2097.6963
2092.0,2094.6135
2073.0,2086.2297
2079.0,2081.747
2073.0,2073.3098
2089.0,2070.102
2085.0,2060.7725
2100.0,2058.2822
2100.0,2055.1863
2117.0,2062.244
2116.0,2069.286
2128.0,2082.671
2123.0,2095.2632
2134.0,2114.4639
2134.0,2131.5256
2150.0,2150.2087
2152.0,2161.8455
2174.0,2174.1345
2180.0,2181.7815
2204.0,2192.1543
2223.0,2200.2886
2237.0,2213.008
2241.0,2223.6772
2259.0,2241.2139
2254.0,2261.3218
2267.0,2280.7432
2284.0,2294.8176
2303.0,2308.5908
2306.0,2311.1782
2323.0,2313.9585
2332.0,2320.9543
2350.0,2335.1523
2350.0,2344.5261
2376.0,2355.4897
2377.0,2364.3906
2396.0,2378.5435
2403.0,2385.8945
2414.0,2399.9802
2416.0,2408.8274
2429.0,2423.523
2431.0,2433.9578
2444.0,2443.9353
2443.0,2450.323
2448.0,2458.8818
2448.0,2463.076
2457.0,2469.815
2446.0,2471.0667
2446.0,2471.3691
2444.0,2467.9287
2449.0,2466.1062
2429.0,2457.7085
2435.0,2448.0493
2425.0,2438.4067
2425.0,2431.713
2417.0,2417.6323
2412.0,2407.1887
2401.0,2395.3438
2398.0,2386.786
2382.0,2377.3845
2371.0,2368.7664
2343.0,2357.937
2347.0,2350.429
2308.0,2339.295
2307.0,2327.5547
2285.0,2308.244
2290.0,2296.098
2277.0,2273.8467
2290.0,2257.9705
2265.0,2241.5222
2269.0,2233.5583
2247.0,2226.1592
2240.0,2229.5076
2225.0,2224.2136
2217.0,2221.621
2186.0,2213.0103
2188.0,2204.669
2157.0,2194.0183
2156.0,2184.528
2143.0,2166.4126
2142.0,2155.987
2129.0,2136.9062
2128.0,2123.928
2119.0,2111.0925
2121.0,2104.4204
2100.0,2095.848
2109.0,2090.864
2093.0,2085.2354
2096.0,2082.496
2081.0,2074.3716
2089.0,2073.4233
2071.0,2068.574
2075.0,2067.8665
2066.0,2062.4854
2074.0,2065.2104
2061.0,2061.1797
2072.0,2060.9111
2055.0,2057.5625
2063.0,2060.0972
2058.0,2058.1404
2065.0,2061.8594
2065.0,2058.3806
2075.0,2059.5073
2073.0,2059.8596
2078.0,2064.2812
2082.0,2068.0188
2095.0,2076.933
2086.0,2084.0142
2108.0,2092.823
2108.0,2101.267
2118.0,2114.3943
2112.0,2119.8884
2122.0,2132.054
2127.0,2141.572
2145.0,2152.511
2141.0,2155.9023
2152.0,2159.9023
2156.0,2163.8594
2177.0,2173.136
2177.0,2177.381
2221.0,2183.0032
2225.0,2187.0786
2244.0,2199.167
2240.0,2206.2793
2260.0,2231.6875
2256.0,2254.8157
2272.0,2278.5884
2286.0,2290.8967
2299.0,2304.3967
2313.0,2309.3245
2333.0,2314.977
2332.0,2323.236
2361.0,2332.4622
2360.0,2343.747
2373.0,2359.4724
2376.0,2368.763
2398.0,2386.7405
2401.0,2396.3188
2413.0,2405.8044
2398.0,2411.4724
2416.0,2423.8452
2413.0,2433.868
2417.0,2442.613
2418.0,2439.7585
2423.0,2442.0647
2425.0,2440.3013
2436.0,2437.8875
2402.0,2434.4966
2403.0,2431.7188
2408.0,2427.1313
2417.0,2426.0588
2413.0,2408.345
2412.0,2392.4927
2400.0,2381.3508
2403.0,2377.98
2400.0,2373.9814
2400.0,2370.644
2389.0,2362.8237
2397.0,2358.5437
2379.0,2354.2168
2388.0,2351.5215
2360.0,2345.597
2319.0,2346.1416
2300.0,2339.7263
2302.0,2338.7195
2287.0,2326.344
2303.0,2300.0537
2287.0,2271.254
2288.0,2253.6572
2267.0,2238.9387
2267.0,2237.981
2243.0,2235.0598
2242.0,2234.8604
2225.0,2227.054
2219.0,2222.1875
2193.0,2209.9458
2187.0,2202.5757
2162.0,2191.7563
2157.0,2183.2625
2134.0,2168.841
2143.0,2155.449
2130.0,2136.7437
2129.0,2124.5923
2119.0,2107.5002
2123.0,2101.3352
2106.0,2094.1106
2111.0,2089.8809
2090.0,2084.728
2093.0,2084.6614
2089.0,2079.1616
2088.0,2077.9692
2074.0,2069.8953
2080.0,2067.6184
2062.0,2066.61
2071.0,2067.285
2060.0,2063.7766
2070.0,2064.246
2061.0,2057.8
2066.0,2058.2617
2055.0,2055.691
2068.0,2057.9827
2066.0,2057.568
2080.0,2060.1687
2068.0,2059.7778
2079.0,2064.2527
2071.0,2069.053
2095.0,2081.2668
2091.0,2085.8186
2108.0,2094.2031
2102.0,2097.3718
2115.0,2109.1228
2116.0,2117.5154
2129.0,2132.0073
2128.0,2139.7837
2135.0,2149.6257
2138.0,2156.3606
2146.0,2164.0789
2153.0,2169.0474
2177.0,2172.693
2181.0,2174.6707
2222.0,2177.5742
2221.0,2180.3257
2244.0,2192.9407
2234.0,2204.156
2254.0,2230.8435
2251.0,2252.077
2271.0,2276.8977
2284.0,2286.6743
2304.0,2298.008
2287.0,2301.7961
2300.0,2310.237
2301.0,2320.6582
2322.0,2335.8694
2323.0,2334.7695
2353.0,2334.9873
2355.0,2330.887
2373.0,2335.9148
2377.0,2339.616
2398.0,2356.306
2395.0,2369.7341
2415.0,2385.5486
2403.0,2396.7346
2415.0,2413.217
2419.0,2423.2634
2432.0,2436.9602
2429.0,2439.3562
2432.0,2445.2385
2421.0,2447.3184
2432.0,2452.7065
2413.0,2452.415
2427.0,2450.4468
2411.0,2440.8777
2416.0,2435.464
2401.0,2421.2964
2417.0,2413.437
2391.0,2399.1128
2369.0,2388.9932
2349.0,2374.5012
2342.0,2370.4656
2332.0,2357.6318
2334.0,2338.8564
2316.0,2316.8184
2316.0,2298.1619
2300.0,2282.821
2306.0,2275.7593
2287.0,2265.9705
2291.0,2260.8186
2288.0,2252.84
2285.0,2250.7026
2265.0,2243.115
2255.0,2241.0583
2242.0,2240.3782
2246.0,2241.9429
2234.0,2235.383
2239.0,2225.844
2200.0,2215.143
2192.0,2210.9883
2165.0,2204.9504
2155.0,2204.4084
2144.0,2188.8506
2140.0,2172.66
2129.0,2148.2815
2127.0,2127.5127
2122.0,2110.1338
2117.0,2099.5835
2105.0,2089.9368
2110.0,2084.8604
2092.0,2082.1458
2098.0,2078.9438
2077.0,2073.663
2085.0,2073.336
2070.0,2067.14
2079.0,2066.495
2066.0,2058.7507
2065.0,2058.204
2051.0,2054.4355
2059.0,2056.2979
2052.0,2055.0327
2063.0,2054.9397
2055.0,2049.5032
2063.0,2049.184
2067.0,2047.3755
2076.0,2051.507
2067.0,2052.717
2082.0,2058.5613
2073.0,2066.8674
2091.0,2078.812
2092.0,2085.11
2103.0,2095.7056
2103.0,2100.812
2116.0,2112.042
2112.0,2121.6755
2126.0,2131.9692
2125.0,2139.7651
2140.0,2149.2197
2135.0,2153.0637
2146.0,2160.734
2149.0,2163.8613
2172.0,2171.9521
2180.0,2173.0935
2206.0,2175.566
2220.0,2178.2178
2238.0,2189.3904
2242.0,2200.9336
2259.0,2221.8843
2264.0,2243.9478
2284.0,2267.9546
2288.0,2286.0476
2299.0,2302.5823
2279.0,2313.6711
2301.0,2327.2957
2294.0,2337.0903
2312.0,2345.3372
2305.0,2336.4731
2323.0,2334.7693
2324.0,2327.9075
2340.0,2327.9265
2334.0,2322.6965
2364.0,2326.081
2361.0,2327.3748
2381.0,2335.1252
2382.0,2337.5361
2387.0,2352.775
2385.0,2363.5474
2399.0,2379.7947
2398.0,2391.981
2409.0,2401.1294
2400.0,2405.7874
2407.0,2413.206
2403.0,2416.9583
2408.0,2422.5735
2391.0,2420.1785
2418.0,2418.4402
2394.0,2411.1565
2404.0,2405.7207
2380.0,2392.7937
2369.0,2392.7686
2356.0,2381.294
2378.0,2374.8691
2353.0,2358.9028
2366.0,2341.045
2353.0,2322.661
2355.0,2320.0693
2338.0,2311.039
2336.0,2309.0254
2306.0,2305.109
2309.0,2303.7751
2287.0,2295.9585
2284.0,2290.6387
2267.0,2274.5798
2267.0,2264.9028
2248.0,2250.7913
2245.0,2239.8376
2234.0,2226.769
2236.0,2219.9492
2210.0,2209.0532
2184.0,2201.6013
2161.0,2194.1055
2160.0,2192.4739
2144.0,2181.5732
2143.0,2163.1938
2131.0,2140.0337
2135.0,2125.5452
2121.0,2110.924
2125.0,2103.382
2109.0,2095.0183
2108.0,2093.446
2097.0,2088.4353
2094.0,2088.3076
2084.0,2082.1853
2083.0,2077.9675
2070.0,2071.8594
2077.0,2067.6726
2065.0,2062.506
2067.0,2060.1182
2060.0,2055.0198
2069.0,2055.8955
2050.0,2052.3486
2068.0,2052.1423
2057.0,2050.6797
2066.0,2054.2905
2066.0,2050.4524
2076.0,2055.6453
2064.0,2056.1282
2078.0,2061.634
2075.0,2068.4702
2089.0,2079.6172
2093.0,2083.0457
2096.0,2092.1865
2099.0,2097.5952
2116.0,2107.8276
2115.0,2117.791
2128.0,2125.9856
2127.0,2131.8103
2134.0,2143.334
2134.0,2151.1914
2149.0,2160.8335
2151.0,2166.4473
2167.0,2171.3245
2177.0,2172.9568
2199.0,2178.5447
2213.0,2182.626
2236.0,2190.5117
2231.0,2201.5132
2250.0,2218.718
2258.0,2237.4824
2279.0,2261.9766
2281.0,2275.7888
2296.0,2290.4604
2292.0,2301.937
2299.0,2317.7346
2303.0,2326.4812
2312.0,2336.482
2318.0,2338.4807
2330.0,2338.6272
2331.0,2336.5706
2348.0,2336.6426
2358.0,2337.7256
2374.0,2343.519
2361.0,2346.2258
2384.0,2354.1655
2399.0,2363.5574
2414.0,2377.193
2416.0,2380.0044
2422.0,2390.2136
2423.0,2405.1472
2429.0,2423.1274
2426.0,2435.6233
2437.0,2444.5178
2432.0,2447.9607
2437.0,2450.03
2430.0,2448.3804
2437.0,2449.8645
2433.0,2446.605
2432.0,2442.572
2420.0,2434.5454
2419.0,2428.0813
2412.0,2420.1409
2407.0,2412.2793
2388.0,2400.6865
2388.0,2390.1619
2371.0,2379.5808
2370.0,2369.9243
2349.0,2355.0508
2341.0,2343.9814
2323.0,2330.0383
2308.0,2320.1206
2284.0,2305.095
2287.0,2293.0586
2261.0,2277.8528
2264.0,2262.7917
2244.0,2244.3135
2243.0,2233.484
2224.0,2218.543
2228.0,2211.615
2204.0,2201.81
2189.0,2196.4126
2169.0,2187.0173
2155.0,2183.9304
2135.0,2174.2437
2148.0,2161.7686
2129.0,2145.2031
2127.0,2128.0464
2121.0,2109.9678
2121.0,2104.9834
2111.0,2096.9797
2107.0,2091.5288
2096.0,2087.8945
2096.0,2087.118
2083.0,2082.4475
2084.0,2078.0164
2073.0,2072.0642
2081.0,2068.9905
2063.0,2063.9165
2073.0,2061.6155
2059.0,2058.3174
2069.0,2060.0022
2052.0,2056.1426
2065.0,2058.354
2059.0,2055.074
2070.0,2057.9292
2066.0,2054.4932
2073.0,2057.1191
2068.0,2058.1074
2080.0,2064.897
2077.0,2070.0583
2090.0,2078.4192
2085.0,2083.4246
2102.0,2092.6448
2100.0,2099.2175
2117.0,2109.4521
2115.0,2114.8916
2124.0,2125.6794
2123.0,2132.8032
2138.0,2144.2358
2133.0,2152.646
2149.0,2160.37
2152.0,2163.6033
2174.0,2170.5024
2181.0,2170.6694
2207.0,2176.4006
2221.0,2180.4753
2238.0,2193.1765
2239.0,2205.6172
2260.0,2226.7305
2251.0,2249.2979
2256.0,2272.4377
2282.0,2287.5923
2297.0,2303.7974
2303.0,2307.34
2321.0,2306.4194
2330.0,2314.2773
2349.0,2326.5708
2357.0,2335.8853
2376.0,2348.2178
2377.0,2359.7131
2396.0,2374.8694
2401.0,2387.3853
2409.0,2402.8936
2417.0,2413.326
2429.0,2425.965
2431.0,2435.843
2445.0,2444.2974
2442.0,2451.3208
2450.0,2460.462
2448.0,2464.5024
2461.0,2470.8726
2446.0,2471.2524
2449.0,2472.0903
2442.0,2468.3381
2448.0,2468.541
2436.0,2460.2283
2436.0,2451.67
2420.0,2439.632
2422.0,2431.6553
2414.0,2420.5452
2407.0,2410.3232
2402.0,2395.512
2395.0,2385.5476
2376.0,2375.3591
2372.0,2364.623
2343.0,2355.5293
2347.0,2347.5366
2307.0,2335.2434
2308.0,2324.5186
2320.0,2306.479
2296.0,2296.4265
2276.0,2274.315
2278.0,2259.2512
2269.0,2256.636
2265.0,2247.989
2246.0,2235.3271
2241.0,2229.4207
2222.0,2223.347
2222.0,2219.5356
2186.0,2210.3992
2190.0,2203.0115
2159.0,2190.6602
2155.0,2184.0957
2143.0,2166.2314
2142.0,2156.1355
2127.0,2137.8997
2133.0,2124.1055
2121.0,2110.904
2120.0,2104.558
2106.0,2095.9326
2109.0,2093.818
2099.0,2088.234
2097.0,2085.8208
2079.0,2080.0442
2085.0,2078.1753
2069.0,2074.8857
2077.0,2073.2705
2070.0,2065.174
2074.0,2063.1982
2061.0,2056.736
2071.0,2056.5356
2060.0,2055.7869
2064.0,2058.3967
2057.0,2057.596
2065.0,2061.1377
2066.0,2060.0952
2071.0,2062.0134
2077.0,2060.7412
2079.0,2065.59
2076.0,2070.011
2076.0,2077.4067
2078.0,2087.0408
2062.0,2096.3489
2077.0,2101.434
2053.0,2104.3245
2063.0,2106.541
2009.0,2098.9448
1986.0,2097.2666
1973.0,2086.1704
1982.0,2078.7815
1965.0,2049.7366
1968.0,2013.7676
1967.0,1981.2166
1962.0,1961.5768
1942.0,1944.6477
1946.0,1935.3464
1916.0,1932.4385
1920.0,1930.0945
1899.0,1922.8088
1897.0,1919.9199
1875.0,1909.5624
1865.0,1903.4044
1839.0,1893.0027
1832.0,1885.6769
1816.0,1874.1404
1820.0,1862.7434
1800.0,1846.6095
1801.0,1832.5114
1796.0,1817.9557
1802.0,1808.0444
1778.0,1796.3932
1785.0,1787.8749
1774.0,1780.5509
1774.0,1777.5045
1757.0,1770.4589
1761.0,1766.3933
1747.0,1761.5195
1753.0,1759.3369
1737.0,1755.2836
1740.0,1753.9043
1731.0,1751.294
1740.0,1751.5948
1734.0,1749.5331
1740.0,1748.6938
1731.0,1747.022
1741.0,1747.4266
1736.0,1747.3643
1743.0,1748.9353
1746.0,1748.5116
1747.0,1749.8925
1742.0,1749.9376
1758.0,1751.3269
1757.0,1753.6785
1774.0,1755.614
1767.0,1756.8353
1787.0,1761.2631
1787.0,1765.5739
1799.0,1773.6747
1792.0,1779.4028
1803.0,1788.9132
1810.0,1798.224
1821.0,1808.6348
1826.0,1816.5284
1835.0,1825.8511
1842.0,1835.2949
1872.0,1846.2788
1883.0,1856.7949
1905.0,1867.7695
1902.0,1879.2804
1921.0,1895.9957
1919.0,1912.5682
1942.0,1932.2322
1946.0,1948.4683
1960.0,1965.0046
1948.0,1977.1267
1971.0,1991.6567
1974.0,2003.4921
1985.0,2015.3269
1990.0,2020.1285
2015.0,2027.5316
2029.0,2033.2471
2047.0,2039.414
2046.0,2044.3037
2068.0,2054.015
2067.0,2065.4155
2078.0,2080.0225
2073.0,2090.4272
2092.0,2103.9514
2090.0,2112.5354
2089.0,2120.8777
2094.0,2123.6782
2100.0,2129.7825
2094.0,2132.3147
2103.0,2131.438
2097.0,2129.6296
2093.0,2127.5452
2085.0,2120.6218
2093.0,2117.755
2083.0,2111.192
2090.0,2103.6052
2081.0,2093.1123
2081.0,2087.489
2078.0,2078.95
2022.0,2077.4624
2017.0,2073.0073
2009.0,2071.0786
1993.0,2069.0996
1998.0,2043.2908
1978.0,2018.0859
1982.0,1996.5585
1965.0,1975.0248
1974.0,1964.2618
1955.0,1951.3025
1961.0,1945.8934
1951.0,1937.6323
1934.0,1937.1176
1919.0,1932.1052
1921.0,1931.4143
1904.0,1929.6581
1910.0,1922.952
1887.0,1914.1808
1888.0,1908.7178
1856.0,1900.3641
1838.0,1897.2623
1821.0,1888.881
1818.0,1883.2911
1803.0,1870.0334
1807.0,1854.2202
1792.0,1837.4471
1798.0,1823.725
1777.0,1808.9205
1783.0,1798.1827
1770.0,1786.8984
1775.0,1780.1201
1756.0,1770.3507
1760.0,1764.3452
1745.0,1757.9135
1746.0,1755.2175
1735.0,1750.1943
1740.0,1748.0846
1726.0,1744.8699
1731.0,1743.302
1724.0,1741.4116
1734.0,1741.4547
1726.0,1738.8026
1739.0,1738.1222
1735.0,1737.0646
1745.0,1737.9639
1739.0,1737.9751
1754.0,1740.3678
1752.0,1742.281
1761.0,1745.3799
1764.0,1746.622
1773.0,1750.9928
1776.0,1755.0638
1781.0,1760.792
1786.0,1766.911
1800.0,1774.6277
1792.0,1782.6007
1810.0,1790.2982
1799.0,1798.9453
1820.0,1809.6951
1823.0,1817.4425
1840.0,1828.2743
1852.0,1835.6799
1872.0,1846.1157
1881.0,1856.2625
1897.0,1868.227
1903.0,1882.2273
1921.0,1898.2368
1925.0,1914.3615
1949.0,1931.9126
1950.0,1947.1677
1963.0,1964.1437
1964.0,1978.2117
1974.0,1994.4352
1967.0,2007.8271
1982.0,2020.1733
1978.0,2028.079
1993.0,2035.3368
1994.0,2037.4775
2011.0,2040.5746
2011.0,2041.2827
2024.0,2043.5609
2030.0,2044.4539
2042.0,2049.9824
2042.0,2052.7585
2062.0,2058.6882
2061.0,2065.226
2070.0,2073.6467
2063.0,2079.2395
2077.0,2089.8232
2075.0,2096.731
2077.0,2104.397
2074.0,2106.9292
2078.0,2111.7383
2074.0,2113.4639
2086.0,2113.5396
2073.0,2109.5334
2077.0,2106.1958
2052.0,2099.9717
2033.0,2099.1836
2029.0,2091.8667
2048.0,2086.808
2045.0,2071.963
2043.0,2051.27
2035.0,2031.9886
2024.0,2027.738
2015.0,2027.1769
2013.0,2027.796
1998.0,2025.5759
1985.0,2020.972
1961.0,2014.2067
1966.0,2009.7206
1941.0,2001.9277
1939.0,1991.5182
1925.0,1973.8617
1925.0,1962.4385
1909.0,1946.3292
1901.0,1933.7787
1888.0,1920.6896
1876.0,1911.908
1834.0,1900.736
1836.0,1891.1201
1819.0,1881.0059
1818.0,1870.3893
1808.0,1850.017
1808.0,1834.4805
1798.0,1818.6842
1795.0,1806.312
1785.0,1794.5977
1786.0,1785.9116
1775.0,1778.254
1771.0,1771.9736
1756.0,1765.7119
1759.0,1762.3597
1744.0,1758.4158
1748.0,1755.5875
1736.0,1751.7755
1740.0,1750.7505
1732.0,1747.3574
1740.0,1746.3357
1719.0,1743.9812
1734.0,1743.5878
1728.0,1742.4424
1746.0,1743.5432
1733.0,1740.8254
1737.0,1741.34
1738.0,1740.9727
1754.0,1744.7073
1752.0,1744.8461
1759.0,1745.746
1756.0,1747.0897
1770.0,1751.636
1775.0,1755.3062
1791.0,1760.5258
1783.0,1764.7465
1798.0,1772.0083
1796.0,1779.8372
1805.0,1790.8688
1809.0,1798.6625
1817.0,1809.02
1819.0,1818.2764
1833.0,1827.6393
1845.0,1836.6926
1869.0,1846.1686
1882.0,1854.778
1899.0,1865.0664
1903.0,1877.2592
1917.0,1893.2347
1922.0,1910.4362
1945.0,1929.7406
1952.0,1945.7896
1963.0,1962.0223
1967.0,1975.6299
1967.0,1991.5225
1965.0,2005.0688
1978.0,2017.9205
1981.0,2027.7269
1999.0,2033.6816
1999.0,2035.9758
2015.0,2038.6835
2034.0,2039.9396
2043.0,2044.4822
2035.0,2047.169
2049.0,2053.3438
2060.0,2063.985
2096.0,2075.2107
2081.0,2080.3062
2092.0,2087.5645
2090.0,2095.5183
2102.0,2114.271
2098.0,2123.7705
2110.0,2132.814
2105.0,2135.8418
2112.0,2140.407
2101.0,2139.5957
2110.0,2141.1682
2105.0,2137.764
2104.0,2135.2505
2099.0,2126.569
2095.0,2120.8328
2087.0,2113.436
2084.0,2106.5564
2063.0,2098.0374
2064.0,2090.531
2053.0,2081.0383
2044.0,2072.6948
2026.0,2056.9495
2019.0,2045.5459
1997.0,2035.2545
1994.0,2024.7145
1967.0,2009.9651
1955.0,1997.4298
1938.0,1980.6564
1943.0,1968.0023
1914.0,1949.4641
1918.0,1932.4598
1902.0,1915.6357
1904.0,1907.307
1882.0,1893.3125
1878.0,1885.0441
1853.0,1875.5026
1818.0,1870.5366
1810.0,1861.0607
1815.0,1853.4432
1807.0,1841.141
1806.0,1822.0667
1797.0,1805.3954
1795.0,1794.7987
1787.0,1785.2384
1787.0,1778.2521
1773.0,1771.8232
1770.0,1766.8301
1760.0,1762.7869
1758.0,1761.4476
1747.0,1757.965
1753.0,1756.2393
1738.0,1753.4805
1741.0,1752.313
1730.0,1750.1965
1740.0,1750.3755
1728.0,1748.4193
1736.0,1747.6014
1729.0,1745.5565
1735.0,1746.1215
1734.0,1745.1918
1748.0,1745.849
1740.0,1745.0237
1750.0,1745.4175
1747.0,1745.5281
1764.0,1748.8196
1758.0,1749.756
1777.0,1752.8842
1769.0,1755.6653
1793.0,1761.7472
1786.0,1766.2698
1799.0,1775.4056
1795.0,1781.4915
1801.0,1792.518
1805.0,1801.3104
1819.0,1811.5321
1820.0,1819.6971
1834.0,1827.8557
1848.0,1835.6101
1877.0,1845.8849
1882.0,1855.1653
1907.0,1866.1431
1910.0,1878.7404
1929.0,1897.214
1930.0,1913.9514
1928.0,1933.8514
1944.0,1950.8779
1963.0,1968.7152
1964.0,1983.0312
1995.0,1992.9543
1996.0,2003.1517
2016.0,2015.4487
2025.0,2024.5339
2043.0,2038.5752
2042.0,2049.301
2057.0,2062.0674
2064.0,2073.1912
2087.0,2085.8362
2085.0,2093.964
2099.0,2103.374
2101.0,2111.197
2112.0,2122.847
2116.0,2130.5142
2123.0,2138.2502
2124.0,2142.7974
2127.0,2148.0637
2118.0,2150.8853
2122.0,2153.6807
2113.0,2152.7458
2125.0,2150.3877
2109.0,2141.4014
2109.0,2133.3618
2095.0,2121.7446
2096.0,2117.505
2090.0,2107.826
2083.0,2099.4885
2078.0,2086.2397
2073.0,2077.1924
2055.0,2068.1934
2048.0,2060.592
2024.0,2052.9448
2025.0,2048.4307
1981.0,2037.3376
1984.0,2027.238
1970.0,2010.843
1988.0,1999.6797
1983.0,1974.2623
1971.0,1956.3909
1943.0,1941.0002
1939.0,1939.553
1915.0,1939.8403
1918.0,1937.9989
1901.0,1927.9314
1894.0,1918.6493
1880.0,1905.1683
1862.0,1897.019
1843.0,1886.7957
1838.0,1877.6091
1822.0,1867.9604
1818.0,1855.6074
1805.0,1841.1262
1805.0,1829.2311
1791.0,1816.2175
1792.0,1805.6031
1778.0,1795.1555
1786.0,1787.1008
1773.0,1778.3986
1772.0,1771.8147
1756.0,1764.4727
1762.0,1761.4574
1745.0,1757.5677
1751.0,1754.9517
1741.0,1750.9678
1740.0,1750.5714
1740.0,1748.6074
1743.0,1749.2052
1732.0,1748.6976
1742.0,1748.4147
1727.0,1748.3081
1738.0,1749.8024
1732.0,1749.0768
1746.0,1750.5074
1745.0,1749.0101
1752.0,1749.7028
1749.0,1748.9088
1766.0,1751.0416
1755.0,1753.439
1776.0,1757.2421
1776.0,1760.1746
1789.0,1766.3535
1786.0,1769.7177
1801.0,1777.5012
1789.0,1784.7202
1806.0,1794.4303
1806.0,1802.446
1828.0,1812.9764
1826.0,1819.0886
1842.0,1827.9053
1844.0,1836.2026
1870.0,1848.5392
1893.0,1859.0244
1909.0,1871.635
1913.0,1882.5417
1919.0,1898.3025
1928.0,1917.4872
1939.0,1938.0416
1951.0,1955.8207
1973.0,1970.7515
1981.0,1983.8816
2002.0,1996.274
2002.0,2007.6493
2021.0,2021.4355
2027.0,2033.8868
2045.0,2048.5442
2040.0,2058.5542
2063.0,2070.9177
2060.0,2080.0967
2081.0,2090.8022
2072.0,2096.2327
2087.0,2104.8406
2088.0,2109.2454
2092.0,2117.6167
2081.0,2119.6025
2095.0,2123.067
2091.0,2125.158
2099.0,2125.888
2078.0,2118.9463
2074.0,2117.1208
2076.0,2112.112
2092.0,2109.6738
2084.0,2097.8652
2087.0,2084.7837
2076.0,2075.5413
2079.0,2076.6772
2076.0,2076.6414
2079.0,2078.6155
2058.0,2075.4336
2069.0,2075.089
2054.0,2074.0679
2058.0,2076.199
2046.0,2067.797
1977.0,2066.1768
1978.0,2059.6736
1981.0,2056.8618
1962.0,2049.9556
1969.0,2014.7762
1964.0,1984.0896
1963.0,1964.3911
1946.0,1945.6212
1945.0,1936.6516
1919.0,1931.0115
1918.0,1928.7568
1901.0,1923.4539
1902.0,1920.2362
1874.0,1909.2855
1868.0,1901.5651
1840.0,1892.4205
1830.0,1886.1052
1821.0,1873.6105
1820.0,1862.768
1803.0,1847.4852
1801.0,1832.2306
1799.0,1817.9749
1802.0,1807.9515
1777.0,1796.5903
1786.0,1787.3105
1772.0,1780.843
1773.0,1777.216
1759.0,1769.56
1762.0,1766.8456
1745.0,1761.2262
1750.0,1758.6293
1736.0,1754.621
1744.0,1753.1582
1732.0,1750.1144
1737.0,1749.7369
1732.0,1747.6019
1740.0,1748.0841
1728.0,1746.6433
1741.0,1746.0586
1736.0,1745.2708
1745.0,1746.5939
1737.0,1745.7305
1750.0,1747.4519
1744.0,1747.9542
1756.0,1749.9434
1756.0,1750.261
1774.0,1753.4497
1771.0,1755.5737
1784.0,1759.361
1787.0,1763.7651
1798.0,1771.4424
1795.0,1778.4095
1808.0,1787.667
1807.0,1797.1265
1818.0,1807.5831
1820.0,1816.2079
1837.0,1826.216
1845.0,1834.959
1875.0,1845.0945
1884.0,1854.671
1904.0,1866.2582
1906.0,1878.5502
1918.0,1896.0916
1916.0,1913.1978
1943.0,1932.5094
1938.0,1949.0319
1961.0,1965.0546
1946.0,1976.591
1970.0,1991.3058
1970.0,2000.831
1981.0,2013.2585
1985.0,2018.0276
2010.0,2026.0579
2026.0,2031.2485
2044.0,2036.4938
2047.0,2040.5513
2067.0,2049.167
2066.0,2061.381
2079.0,2075.9106
2075.0,2087.809
2093.0,2102.7905
2093.0,2112.4058
2093.0,2121.6648
2098.0,2125.5078
2098.0,2133.2405
2095.0,2136.9307
2103.0,2136.5706
2088.0,2134.6167
2095.0,2130.2522
2084.0,2123.3376
2091.0,2119.2312
2085.0,2107.8281
2092.0,2100.0898
2093.0,2088.5793
2087.0,2082.8005
2091.0,2076.5107
2078.0,2076.2297
2092.0,2077.501
2074.0,2077.1855
2070.0,2080.4634
2059.0,2079.269
1992.0,2084.6638
1989.0,2082.336
1999.0,2076.5425
1979.0,2066.9937
1985.0,2027.776
1982.0,1993.5676
1982.0,1974.267
1969.0,1955.6577
1963.0,1947.7828
1939.0,1944.0643
1938.0,1943.1332
1919.0,1940.2574
1917.0,1937.3234
1892.0,1927.6426
1882.0,1920.7214
1867.0,1910.2561
1847.0,1902.8394
1840.0,1890.4562
1833.0,1878.3497
1815.0,1865.3186
1824.0,1850.3934
1808.0,1837.0729
1812.0,1825.6644
1803.0,1812.152
1808.0,1805.4337
1793.0,1796.926
1792.0,1791.8281
1768.0,1785.8857
1781.0,1783.5233
1770.0,1778.4891
1775.0,1775.1035
1754.0,1768.8025
1759.0,1767.376
1752.0,1765.8806
1752.0,1767.7305
1749.0,1765.7443
1757.0,1765.6182
1744.0,1764.8553
1755.0,1765.1318
1752.0,1765.4414
1761.0,1767.6547
1753.0,1766.3546
1767.0,1767.8949
1761.0,1769.3567
1772.0,1772.5454
1773.0,1773.1561
1787.0,1777.1846
1785.0,1779.809
1802.0,1784.3116
1802.0,1788.5599
1812.0,1796.0325
1811.0,1802.7255
1822.0,1812.4469
1823.0,1821.578
1835.0,1831.7383
1835.0,1840.5258
1848.0,1850.2228
1854.0,1859.2721
1884.0,1869.0927
1903.0,1877.8865
1917.0,1888.0947
1923.0,1898.2533
1929.0,1913.3378
1930.0,1931.7025
1949.0,1950.6202
1955.0,1967.2954
1973.0,1981.606
1975.0,1992.0525
1979.0,2004.1956
1981.0,2014.2465
1996.0,2025.6061
1999.0,2033.515
2032.0,2039.2185
2034.0,2042.3071
2058.0,2047.5797
2062.0,2051.03
2077.0,2063.47
2073.0,2073.6885
2092.0,2088.4734
2088.0,2100.2725
2109.0,2113.1562
2104.0,2120.393
2116.0,2130.0994
2109.0,2134.8005
2121.0,2143.0215
2114.0,2145.9165
2116.0,2150.3718
2106.0,2147.9126
2122.0,2147.3594
2106.0,2142.159
2114.0,2135.9155
2096.0,2124.4602
2102.0,2120.4478
2078.0,2110.191
2060.0,2104.2637
2045.0,2092.1196
2043.0,2085.3677
2027.0,2071.075
2026.0,2051.68
2015.0,2030.062
2014.0,2014.9017
1993.0,1997.8813
1995.0,1987.8201
1988.0,1979.2308
1988.0,1974.7876
1971.0,1965.5082
1981.0,1961.16
1963.0,1957.6456
1958.0,1957.6371
1940.0,1953.1555
1939.0,1954.3923
1920.0,1950.5375
1925.0,1946.9275
1911.0,1938.4481
1904.0,1932.6095
1865.0,1923.5037
1863.0,1918.8899
1835.0,1912.0161
1834.0,1904.5817
1821.0,1887.7434
1826.0,1873.1418
1806.0,1854.1185
1813.0,1839.0859
1803.0,1824.1279
1809.0,1814.2255
1786.0,1802.1259
1793.0,1794.683
1773.0,1787.4338
1777.0,1784.3314
1764.0,1777.7047
1766.0,1774.1974
1754.0,1768.0165
1758.0,1765.6079
1737.0,1762.2214
1748.0,1761.05
1740.0,1759.3706
1749.0,1759.4049
1745.0,1755.8956
1751.0,1755.3342
1748.0,1754.6455
1759.0,1756.1808
1762.0,1757.5508
1766.0,1760.0044
1764.0,1761.693
1773.0,1765.456
1774.0,1769.3444
1788.0,1773.6779
1789.0,1777.3746
1801.0,1782.7607
1802.0,1788.3827
1808.0,1796.575
1808.0,1803.9463
1819.0,1813.881
1820.0,1823.1947
1833.0,1832.9073
1834.0,1841.2336
1845.0,1850.4415
1856.0,1858.653
1878.0,1868.4309
1895.0,1877.0298
1919.0,1886.9716
1919.0,1897.6238
1934.0,1911.96
1940.0,1928.0774
1962.0,1947.6312
1965.0,1964.3389
1979.0,1980.6687
1978.0,1994.2085
1985.0,2009.6248
1982.0,2022.0314
1994.0,2034.3137
1998.0,2041.6938
2004.0,2047.4973
2004.0,2049.825
2019.0,2052.551
2021.0,2053.961
2041.0,2054.9634
2047.0,2054.8342
2061.0,2057.7075
2060.0,2059.1213
2072.0,2066.6482
2071.0,2075.1206
2080.0,2085.2915
2073.0,2092.3667
2091.0,2101.5679
2086.0,2107.7537
2096.0,2114.2368
2087.0,2114.7217
2091.0,2119.6985
2083.0,2120.7317
2097.0,2123.6768
2093.0,2120.7856
2093.0,2117.005
2077.0,2108.1328
2069.0,2105.701
2048.0,2102.614
2061.0,2099.4456
2065.0,2088.992
2071.0,2077.1604
2051.0,2057.6738
2039.0,2048.7773
2029.0,2046.3728
2027.0,2050.9995
2014.0,2047.0697
2007.0,2038.8749
1984.0,2027.672
1985.0,2018.9551
1961.0,2008.468
1960.0,1998.5153
1944.0,1983.5916
1945.0,1973.5026
1925.0,1958.3291
1926.0,1946.457
1907.0,1933.7673
1899.0,1925.6262
1857.0,1914.5033
1856.0,1907.9199
1838.0,1898.2672
1836.0,1889.2245
1824.0,1869.4427
1823.0,1853.2377
1815.0,1836.402
1817.0,1823.6903
1801.0,1811.2908
1805.0,1802.0785
1789.0,1793.8301
1791.0,1788.6912
1779.0,1781.7173
1779.0,1777.9403
1764.0,1772.2567
1768.0,1769.9233
1760.0,1766.5239
1760.0,1765.2078
1746.0,1762.3016
1754.0,1761.9371
1742.0,1761.409
1754.0,1761.808
1741.0,1759.9703
1755.0,1761.1709
1746.0,1760.8096
1762.0,1762.7385
1752.0,1761.7423
1765.0,1764.004
1759.0,1764.9641
1773.0,1768.0573
1772.0,1769.4213
1787.0,1773.5679
1784.0,1776.198
1801.0,1781.5997
1801.0,1786.4448
1814.0,1794.9348
1806.0,1801.7976
1822.0,1811.5234
1819.0,1820.9972
1831.0,1831.5581
1831.0,1839.5049
1848.0,1849.8536
1857.0,1858.1531
1877.0,1867.3243
1887.0,1875.041
1911.0,1885.8396
1915.0,1897.4493
1932.0,1911.839
1929.0,1926.892
1955.0,1944.4161
1965.0,1959.7488
1977.0,1975.7488
1974.0,1987.5822
1979.0,2002.9253
1985.0,2016.3463
1996.0,2029.6747
1995.0,2038.1322
2009.0,2043.7838
2009.0,2047.4126
2033.0,2051.795
2031.0,2053.688
2062.0,2057.3738
2047.0,2059.2998
2059.0,2066.9873
2064.0,2070.8625
2097.0,2084.1692
2105.0,2089.0928
2113.0,2095.4927
2108.0,2101.0312
2117.0,2116.1282
2112.0,2131.1265
2126.0,2144.8938
2121.0,2151.067
2131.0,2156.0972
2118.0,2155.0356
2126.0,2157.146
2121.0,2153.4485
2123.0,2152.3677
2115.0,2142.1519
2119.0,2134.9075
2102.0,2126.2654
2104.0,2120.1887
2081.0,2110.5837
2086.0,2105.6233
2066.0,2094.5117
2063.0,2087.7273
2044.0,2072.5232
2039.0,2062.5928
2013.0,2049.0703
2009.0,2038.2482
1989.0,2023.294
1978.0,2011.6106
1963.0,1993.591
1957.0,1979.5569
1936.0,1962.8424
1935.0,1948.1366
1921.0,1933.1498
1922.0,1922.9406
1902.0,1909.2592
1903.0,1899.3264
1869.0,1889.3381
1852.0,1884.0869
1835.0,1875.1755
1833.0,1869.8843
1821.0,1856.5117
1827.0,1841.7521
1813.0,1826.0962
1813.0,1814.6105
1798.0,1803.8044
1802.0,1797.8732
1786.0,1790.5566
1793.0,1785.3632
1771.0,1779.145
1779.0,1776.0668
1764.0,1770.8584
1767.0,1769.8593
1758.0,1765.3777
1754.0,1764.5145
1752.0,1762.013
1757.0,1761.5063
1750.0,1760.5812
1754.0,1759.8052
1744.0,1759.7853
1751.0,1761.5681
1749.0,1762.3413
1764.0,1764.6542
1753.0,1764.6302
1767.0,1766.1373
1758.0,1767.3826
1777.0,1771.4686
1773.0,1772.5538
1789.0,1776.5408
1785.0,1778.2277
1804.0,1784.5559
1801.0,1789.4434
1805.0,1797.4991
1802.0,1804.7272
1819.0,1815.0936
1818.0,1823.455
1826.0,1831.5293
1828.0,1838.2745
1851.0,1847.3392
1858.0,1855.1407
1886.0,1863.0831
1893.0,1870.4851
1917.0,1882.1539
1920.0,1893.7562
1939.0,1910.8115
1937.0,1927.3046
1947.0,1946.5402
1954.0,1963.3604
1980.0,1980.8564
1986.0,1993.821
2002.0,2005.7178
2009.0,2015.7892
2030.0,2028.8394
2027.0,2040.3696
2053.0,2051.946
2054.0,2061.4924
2073.0,2074.5916
2076.0,2082.102
2096.0,2094.0361
2096.0,2102.2566
2109.0,2112.0955
2112.0,2119.8787
2127.0,2130.7188
2127.0,2137.8025
2138.0,2145.542
2135.0,2149.983
2140.0,2157.5754
2133.0,2160.4148
2140.0,2164.5015
2127.0,2162.696
2139.0,2160.636
2128.0,2153.424
2126.0,2147.5989
2112.0,2135.878
2119.0,2130.7922
2108.0,2122.4722
2107.0,2114.267
2093.0,2101.5671
2088.0,2094.1
2074.0,2085.7192
2060.0,2079.4077
2045.0,2070.4314
2042.0,2062.6125
2014.0,2052.7603
1998.0,2039.963
1986.0,2023.6758
1998.0,2011.3608
1970.0,1992.9646
1970.0,1972.4252
1965.0,1955.12
1961.0,1950.1979
1939.0,1938.2439
1936.0,1931.3224
1919.0,1926.6389
1912.0,1923.245
1895.0,1915.9362
1886.0,1909.6345
1863.0,1901.1809
1853.0,1893.5647
1840.0,1882.6295
1834.0,1872.4188
1818.0,1859.2457
1821.0,1846.805
1807.0,1834.1173
1808.0,1823.4684
1800.0,1811.8086
1801.0,1803.4126
1786.0,1794.3241
1791.0,1788.1384
1776.0,1781.9021
1781.0,1778.7792
1760.0,1773.6174
1769.0,1771.0768
1755.0,1766.7622
1755.0,1766.0006
1754.0,1762.8185
1755.0,1763.135
1752.0,1761.6508
1758.0,1761.6018
1745.0,1762.1925
1754.0,1763.785
1741.0,1765.3319
1759.0,1767.817
1758.0,1767.527
1768.0,1768.8662
1761.0,1767.0051
1775.0,1769.502
1775.0,1772.0824
1791.0,1776.572
1784.0,1779.0303
1799.0,1784.6979
1803.0,1789.9812
1814.0,1798.3894
1810.0,1804.4789
1822.0,1813.4702
1825.0,1822.7092
1842.0,1832.881
1836.0,1841.3717
1858.0,1851.5383
1858.0,1861.1901
1880.0,1872.8473
1906.0,1881.226
1925.0,1893.6
1923.0,1904.0098
1937.0,1917.1996
1939.0,1934.9885
1954.0,1954.9531
1960.0,1970.833
1982.0,1986.5312
1983.0,1998.286
2011.0,2010.1139
2013.0,2020.0253
2035.0,2031.8701
2042.0,2040.2025
2058.0,2053.931
2059.0,2064.859
2071.0,2077.7673
2077.0,2089.0496
2097.0,2101.2058
2088.0,2108.658
2097.0,2115.8953
2099.0,2122.165
2109.0,2131.7559
2091.0,2133.8223
2108.0,2135.6145
2104.0,2135.1196
2116.0,2137.7837
2094.0,2129.4202
2095.0,2127.1643
2080.0,2121.4138
2095.0,2120.3806
2093.0,2109.2888
2105.0,2099.9038
2093.0,2084.5752
2092.0,2079.2805
2082.0,2077.939
2094.0,2084.1096
2077.0,2084.5952
2079.0,2085.2966
2074.0,2081.5557
2075.0,2084.929
2063.0,2081.7202
2025.0,2078.5872
1986.0,2074.997
1998.0,2074.1082
1980.0,2067.8838
1986.0,2045.857
1976.0,2008.3782
1978.0,1985.3423
1964.0,1963.9146
1964.0,1952.498
1936.0,1943.0105
1940.0,1939.9792
1918.0,1934.8799
1919.0,1932.8794
1893.0,1922.2422
1888.0,1917.3561
1868.0,1907.2946
1849.0,1901.1602
1839.0,1888.9706
1829.0,1878.2382
1818.0,1865.5554
1826.0,1850.6317
1807.0,1836.8553
1815.0,1824.1952
1801.0,1811.7368
1803.0,1804.6902
1791.0,1795.2871
1791.0,1790.9541
1770.0,1785.3696
1779.0,1782.2422
1765.0,1776.8624
1774.0,1773.2748
1758.0,1767.3666
1760.0,1766.2101
1749.0,1763.456
1753.0,1764.9789
1747.0,1764.1531
1757.0,1764.7423
1745.0,1763.7454
1756.0,1763.9797
1752.0,1763.3046
1760.0,1765.0521
1754.0,1765.3354
1765.0,1766.9839
1760.0,1768.3511
1767.0,1771.3557
1774.0,1772.7242
1784.0,1776.3962
1784.0,1778.7008
1800.0,1782.3473
1800.0,1787.4072
1814.0,1794.5925
1811.0,1801.394
1821.0,1810.7582
1822.0,1819.1908
1840.0,1830.2645
1834.0,1839.4053
1851.0,1849.3286
1858.0,1858.428
1886.0,1870.0612
1903.0,1878.8129
1916.0,1889.9614
1918.0,1900.7606
1932.0,1916.2986
1932.0,1933.8511
1947.0,1951.9828
1955.0,1966.7577
1970.0,1981.6814
1973.0,1992.4103
1981.0,2003.3453
1978.0,2013.0648
1998.0,2023.4977
2001.0,2031.3738
2026.0,2038.59
2028.0,2041.4427
2053.0,2047.5343
2062.0,2051.7366
2070.0,2061.677
2071.0,2069.948
2094.0,2083.233
2087.0,2096.6528
2103.0,2107.9922
2093.0,2116.166
2105.0,2128.3225
2103.0,2133.2678
2112.0,2140.8943
2106.0,2140.771
2120.0,2141.6648
2106.0,2137.702
2103.0,2136.7932
2095.0,2131.6877
2120.0,2131.0017
2091.0,2123.533
2076.0,2113.8362
2079.0,2101.143
2064.0,2102.6455
2063.0,2091.5461
2045.0,2075.209
2053.0,2063.6958
2040.0,2051.0876
2036.0,2041.6777
2032.0,2028.5177
2031.0,2023.367
2010.0,2016.9464
2005.0,2011.8811
1998.0,2008.8799
1992.0,2006.8229
1977.0,1999.4524
1971.0,1991.8707
1940.0,1985.2976
1934.0,1979.901
1913.0,1970.375
1905.0,1962.0853
1884.0,1945.3347
1892.0,1930.3126
1877.0,1913.3973
1877.0,1897.9744
1871.0,1880.911
1866.0,1871.8429
1852.0,1861.6077
1854.0,1854.852
1845.0,1848.9463
1839.0,1844.1287
1831.0,1836.9628
1832.0,1833.0765
1819.0,1828.816
1828.0,1825.004
1806.0,1820.4543
1811.0,1818.9467
1798.0,1815.0698
1809.0,1815.6163
1805.0,1812.0756
1811.0,1811.3514
1801.0,1808.8823
1817.0,1810.9147
1814.0,1813.0581
1823.0,1817.0387
1817.0,1818.4122
1837.0,1824.4993
1824.0,1830.1547
1846.0,1837.1853
1840.0,1842.2408
1855.0,1852.2478
1854.0,1858.3912
1872.0,1868.592
1868.0,1876.1531
1875.0,1886.5098
1880.0,1894.9476
1890.0,1905.9686
1889.0,1914.2164
1904.0,1922.4084
1906.0,1930.3036
1932.0,1938.742
1934.0,1945.1757
1965.0,1952.6301
1970.0,1959.1227
1992.0,1970.8805
1990.0,1980.9857
2011.0,1996.8627
2021.0,2011.1545
2038.0,2028.1288
2034.0,2041.4143
2040.0,2056.1606
2037.0,2069.558
2056.0,2083.547
2050.0,2091.7886
2065.0,2097.5955
2062.0,2098.569
2073.0,2102.45
2077.0,2102.3652
2091.0,2104.7278
2090.0,2103.5386
2113.0,2104.559
2114.0,2105.0103
2123.0,2109.7485
2123.0,2112.3264
2141.0,2123.2266
2139.0,2130.6238
2146.0,2140.1462
2141.0,2146.0999
2148.0,2157.812
2147.0,2164.8213
2156.0,2170.9844
2151.0,2170.4243
2154.0,2170.0876
2153.0,2166.912
2164.0,2166.3943
2148.0,2162.0146
2135.0,2158.7886
2109.0,2154.7444
2106.0,2156.2507
2106.0,2149.785
2140.0,2136.139
2120.0,2110.723
2121.0,2089.5784
2089.0,2075.6484
2096.0,2085.349
2077.0,2089.1023
2075.0,2092.9966
2055.0,2082.6206
2048.0,2077.6318
2035.0,2066.5781
2027.0,2057.1223
2010.0,2043.2723
2013.0,2029.3806
1993.0,2014.6694
1995.0,2001.9888
1975.0,1987.2247
1972.0,1979.7318
1946.0,1968.8306
1922.0,1963.1763
1905.0,1952.296
1903.0,1944.1504
1884.0,1930.221
1890.0,1911.5833
1882.0,1892.7454
1884.0,1879.3998
1864.0,1865.5183
1869.0,1858.3037
1851.0,1852.6029
1857.0,1849.8073
1843.0,1842.7413
1843.0,1839.8472
1833.0,1834.3529
1828.0,1832.4789
1823.0,1828.2794
1824.0,1825.8884
1812.0,1822.6886
1812.0,1819.1288
1799.0,1817.057
1809.0,1816.8865
1804.0,1814.468
1815.0,1813.659
1813.0,1811.498
1814.0,1812.8695
1808.0,1814.3185
1823.0,1818.2294
1820.0,1823.0094
1829.0,1827.5258
1825.0,1830.497
1843.0,1836.7673
1840.0,1842.3472
1857.0,1849.8184
1853.0,1855.7228
1872.0,1865.4004
1868.0,1873.2872
1876.0,1884.1306
1874.0,1892.7178
1891.0,1904.0966
1887.0,1913.3904
1901.0,1922.3292
1905.0,1928.2899
1927.0,1937.1897
1936.0,1943.1053
1961.0,1950.5013
1970.0,1957.3422
1987.0,1967.725
1987.0,1978.6656
2006.0,1994.5283
2012.0,2009.8424
2036.0,2026.5255
2032.0,2038.1531
2047.0,2051.6284
2037.0,2062.8176
2059.0,2077.3718
2056.0,2086.8071
2068.0,2096.0083
2066.0,2098.405
2085.0,2104.3123
2082.0,2106.3015
2110.0,2109.7424
2113.0,2109.0288
2116.0,2114.101
2114.0,2114.7527
2134.0,2125.6943
2158.0,2134.8784
2170.0,2141.9348
2166.0,2143.005
2173.0,2150.1416
2171.0,2166.4836
2182.0,2185.0242
2172.0,2196.2747
2191.0,2204.0508
2178.0,2205.1787
2188.0,2206.5212
2177.0,2200.1873
2187.0,2200.2222
2172.0,2193.2031
2185.0,2189.8972
2173.0,2181.2039
2168.0,2177.762
2157.0,2167.725
2152.0,2164.4097
2132.0,2157.198
2135.0,2149.1794
2118.0,2138.0344
2110.0,2127.1028
2090.0,2110.578
2084.0,2101.0894
2060.0,2087.6157
2053.0,2076.5698
2026.0,2060.065
2023.0,2045.3801
2010.0,2026.2898
2005.0,2010.0315
1990.0,1988.6287
1989.0,1974.7203
1974.0,1963.208
1966.0,1955.2694
1947.0,1945.1517
1932.0,1939.9835
1900.0,1932.3679
1899.0,1925.5569
1877.0,1915.0792
1894.0,1903.27
1871.0,1883.7122
1879.0,1871.1273
1862.0,1855.884
1866.0,1851.4847
1858.0,1843.4287
1851.0,1841.1622
1843.0,1835.9358
1840.0,1833.5363
1834.0,1831.4172
1830.0,1829.0687
1821.0,1826.163
1829.0,1823.8345
1809.0,1821.4916
1819.0,1819.5358
1811.0,1816.6652
1815.0,1817.5916
1803.0,1814.9595
1812.0,1816.3226
1806.0,1817.0305
1815.0,1819.7928
1814.0,1820.2682
1828.0,1824.1095
1819.0,1826.7037
1830.0,1830.5459
1826.0,1834.4745
1844.0,1841.3833
1839.0,1845.9958
1850.0,1852.6622
1858.0,1858.0813
1868.0,1867.0482
1867.0,1874.3087
1871.0,1882.7665
1873.0,1892.7327
1891.0,1903.3351
1880.0,1911.823
1900.0,1919.7614
1906.0,1925.7384
1931.0,1935.6626
1944.0,1939.9017
1971.0,1947.8379
1976.0,1955.5999
1991.0,1967.735
1990.0,1981.6589
2012.0,1999.4329
2005.0,2016.2231
2032.0,2033.155
2033.0,2044.8788
2053.0,2058.5
2063.0,2066.2004
2081.0,2078.6375
2085.0,2087.1528
2103.0,2098.45
2105.0,2108.2356
2124.0,2120.9937
2123.0,2129.502
2148.0,2141.2332
2153.0,2148.1235
2166.0,2157.695
2169.0,2162.4553
2182.0,2172.7104
2187.0,2180.9746
2198.0,2190.9133
2192.0,2196.5522
2200.0,2202.9639
2201.0,2208.3337
2209.0,2213.428
2192.0,2212.283
2196.0,2211.0864
2190.0,2207.241
2194.0,2206.8745
2179.0,2199.0193
2184.0,2191.4558
2167.0,2180.7004
2167.0,2173.9478
2156.0,2161.6665
2157.0,2154.606
2145.0,2142.3994
2135.0,2134.2869
2114.0,2124.0813
2114.0,2119.0159
2096.0,2111.4316
2069.0,2100.847
2048.0,2084.995
2057.0,2075.6968
2057.0,2063.512
2083.0,2043.0419
2051.0,2018.2701
2039.0,2006.3925
2006.0,2002.056
2008.0,2015.4181
1995.0,2016.5725
1990.0,2011.8427
1966.0,1994.796
1959.0,1981.9916
1928.0,1969.2521
1930.0,1960.2882
1905.0,1945.7582
1902.0,1934.2037
1882.0,1915.4941
1888.0,1902.7461
1872.0,1886.5729
1877.0,1875.1012
1863.0,1861.6116
1862.0,1854.8588
1853.0,1846.0319
1860.0,1841.8752
1845.0,1836.4862
1841.0,1832.8502
1832.0,1829.0742
1830.0,1829.005
1820.0,1826.1205
1828.0,1823.5605
1809.0,1820.0665
1822.0,1818.7229
1806.0,1817.3433
1818.0,1818.3721
1806.0,1816.3362
1816.0,1818.2649
1812.0,1818.1359
1817.0,1821.7377
1818.0,1822.9646
1829.0,1826.7694
1820.0,1829.6881
1833.0,1833.7389
1838.0,1838.3036
1842.0,1844.9922
1841.0,1849.5146
1853.0,1856.4236
1857.0,1864.3123
1868.0,1871.7793
1866.0,1878.6908
1879.0,1887.126
1876.0,1895.592
1893.0,1905.4552
1890.0,1913.5486
1901.0,1922.5675
1908.0,1928.9932
1930.0,1937.939
1939.0,1944.4756
1981.0,1951.7103
1981.0,1958.9178
1996.0,1969.999
1994.0,1981.463
2010.0,2001.9918
2008.0,2019.4022
2029.0,2036.6426
2041.0,2049.1907
2056.0,2061.0933
2066.0,2068.9333
2086.0,2079.3477
2087.0,2089.4329
2111.0,2100.8154
2109.0,2111.4412
2126.0,2124.7185
2128.0,2132.9055
2148.0,2144.8855
2151.0,2152.4487
2162.0,2161.3328
2153.0,2167.3552
2173.0,2175.8794
2159.0,2181.2056
2166.0,2187.4736
2164.0,2184.9556
2165.0,2187.212
2175.0,2180.9563
2158.0,2174.6367
2143.0,2167.2515
2150.0,2161.0898
2150.0,2160.1174
2164.0,2151.546
2152.0,2135.8508
2157.0,2126.4387
2142.0,2121.2024
2154.0,2126.9873
2146.0,2128.3188
2146.0,2131.7068
2133.0,2128.2314
